Workbook

Sheet All_Location_Details
A1: PDS Name | B1: Item Name | C1: Indent No | D1: Location Name | F1: Priority | G1: General Standard | H1: MOC Standard | I1: MOC Grade | J1: Item Size | K1: Item Unit | L1: Item Type | M1: Item Subtype | N1: Dimensional Standard | O1: MOC Schedule/Class | P1: Item Finish | Q1: Location Details Auto Number | R1: Wastage | S1: Process Name | T1: Added Time | U1: Modified Time | V1: ID
A2: PDS - Distillation Column | B2: Plate | C2: 1A10110111 | D2: Dishend | F2: 1A | G2: US | H2: ASTM A240 | I2: Gr 304 | J2: 1500 | K2: mm | L2: Hot Rolled | P2: Mill Finish | Q2: LD/1 | R2: 21 | S2: Pressing | T2: 45015.533 | U2: 45610.646 | V2: 216666000000398383
A3: PDS - Distillation Column | B3: Plate | C3: 1A10110211 | D3: Cone | F3: 1A | G3: US | H3: ASTM A240 | I3: Gr 304 | J3: 1500 | K3: mm | L3: Hot Rolled | P3: Mill Finish | Q3: LD/4 | R3: 15 | S3: Rolling,Knuckling | T3: 45015.533 | U3: 45610.646 | V3: 216666000000398386
A4: PDS - Distillation Column | B4: Plate | C4: 1A10110411 | D4: Shell Plate | F4: 1A | G4: US | H4: ASTM A240 | I4: Gr 304 | J4: 1500 | K4: mm | L4: Hot Rolled | P4: Mill Finish | Q4: LD/17 | R4: 3 | T4: 45015.533 | U4: 45428.537 | V4: 216666000000398399
A5: PDS - Distillation Column | B5: Plate | C5: 1A10110911 | D5: Body Flange Liner | F5: 1A | G5: US | H5: ASTM A240 | I5: Gr 304 | J5: 1500 | K5: mm | L5: Hot Rolled | P5: Mill Finish | Q5: LD/11 | R5: 10 | T5: 45015.533 | U5: 45428.708 | V5: 216666000000398393
A6: PDS - Distillation Column | B6: Plate | C6: 1A10112111 | D6: Nozzle Liner | F6: 1A | G6: US | H6: ASTM A240 | I6: Gr 304 | J6: 1500 | K6: mm | L6: Hot Rolled | P6: Mill Finish | Q6: LD/14 | R6: 10 | T6: 45015.533 | U6: 45428.708 | V6: 216666000000398396
A7: PDS - Distillation Column | B7: Plate | C7: 1A10112311 | D7: Nozzle Gusset | F7: 3C | G7: US | H7: ASTM A240 | I7: Gr 304 | J7: 1500 | K7: mm | L7: Hot Rolled | P7: Mill Finish | Q7: LD/20 | R7: 10 | T7: 45015.533 | U7: 45428.718 | V7: 216666000000398402
A8: PDS - Distillation Column | B8: Pipe | C8: 1A10112611 | D8: Leg Support | F8: 1A | G8: US | H8: ASTM A312 | I8: Gr 304 | K8: NB | L8: ERW | N8: ASME B36.10M | O8: Sch 10S | Q8: LD/414 | T8: 45469.53 | U8: 45470.708 | V8: 216666000000950123
A9: PDS - Distillation Column | B9: Plate | C9: 1A10112711 | D9: Skirt Support | F9: 2A | G9: US | H9: ASTM A240 | I9: Gr 304 | J9: 1500 | K9: mm | L9: Hot Rolled | P9: Mill Finish | Q9: LD/25 | R9: 3 | T9: 45015.533 | U9: 45428.709 | V9: 216666000000398407
A10: PDS - Distillation Column | B10: Plate | C10: 1A10112811 | D10: Base Plate | F10: 1B | G10: US | H10: ASTM A240 | I10: Gr 304 | J10: 1500 | K10: mm | L10: Hot Rolled | P10: Mill Finish | Q10: LD/28 | R10: 25 | T10: 45015.533 | U10: 45492.723 | V10: 216666000000398410
A11: PDS - Distillation Column | B11: Plate | C11: 1A10112911 | D11: Gusset Plate | F11: 2A | G11: US | H11: ASTM A240 | I11: Gr 304 | J11: 1500 | K11: mm | L11: Hot Rolled | P11: Mill Finish | Q11: LD/31 | R11: 10 | T11: 45015.533 | U11: 45428.718 | V11: 216666000000398413
A12: PDS - Distillation Column | B12: Plate | C12: 1A10113111 | D12: Name Plate Bracket | F12: 2C | G12: US | H12: ASTM A240 | I12: Gr 304 | J12: 1500 | K12: mm | L12: Hot Rolled | P12: Mill Finish | Q12: LD/34 | R12: 3 | T12: 45015.533 | U12: 45428.721 | V12: 216666000000398416
A13: PDS - Distillation Column | B13: Plate | C13: 1A10113311 | D13: Logo Plate Bracket | F13: 2C | G13: US | H13: ASTM A240 | I13: Gr 304 | J13: 1500 | K13: mm | L13: Hot Rolled | P13: Mill Finish | Q13: LD/37 | R13: 3 | T13: 45015.533 | U13: 45428.721 | V13: 216666000000398419
A14: PDS - Distillation Column | B14: Plate | C14: 1A10113411 | D14: Lifting Lug | F14: 2A | G14: US | H14: ASTM A240 | I14: Gr 304 | J14: 1500 | K14: mm | L14: Hot Rolled | P14: Mill Finish | Q14: LD/40 | R14: 10 | T14: 45015.533 | U14: 45428.719 | V14: 216666000000398422
A15: PDS - Distillation Column | B15: Plate | C15: 1A10113611 | D15: Trunion Closer Plate | F15: 1B | G15: US | H15: ASTM A240 | I15: Gr 304 | J15: 1500 | K15: mm | L15: Hot Rolled | P15: Mill Finish | Q15: LD/43 | R15: 21 | T15: 45015.533 | U15: 45428.71 | V15: 216666000000398425
A16: PDS - Distillation Column | B16: Plate | C16: 1A10114011 | D16: Vortex Breaker | F16: 3B | G16: US | H16: ASTM A240 | I16: Gr 304 | J16: 1500 | K16: mm | L16: Hot Rolled | P16: Mill Finish | Q16: LD/46 | R16: 10 | T16: 45015.533 | U16: 45428.721 | V16: 216666000000398428
A17: PDS - Distillation Column | B17: Plate | C17: 1A10114511 | D17: Tray | F17: 1A | G17: US | H17: ASTM A240 | I17: Gr 304 | J17: 1500 | K17: mm | L17: Hot Rolled | P17: Mill Finish | Q17: LD/55 | R17: 10 | T17: 45015.533 | U17: 45492.507 | V17: 216666000000398437
A18: PDS - Distillation Column | B18: Plate | C18: 1A10114711 | D18: Tray Support Clits | F18: 1A | G18: US | H18: ASTM A240 | I18: Gr 304 | J18: 1500 | K18: mm | L18: Hot Rolled | P18: Mill Finish | Q18: LD/56 | R18: 5 | T18: 45015.533 | U18: 45428.715 | V18: 216666000000398438
A19: PDS - Distillation Column | B19: Plate | C19: 1A10114811 | D19: Junction Plate | F19: 3C | G19: US | H19: ASTM A240 | I19: Gr 304 | J19: 1500 | K19: mm | L19: Hot Rolled | P19: Mill Finish | Q19: LD/58 | R19: 3 | T19: 45015.533 | U19: 45428.715 | V19: 216666000000398440
A20: PDS - Distillation Column | B20: Plate | C20: 1A10114911 | D20: Compression Plate | F20: 2A | G20: US | H20: ASTM A240 | I20: Gr 304 | J20: 1500 | K20: mm | L20: Hot Rolled | P20: Mill Finish | Q20: LD/59 | R20: 25 | T20: 45015.533 | U20: 45428.715 | V20: 216666000000398441
... A40: PDS - Distillation Column | B40: Plate | C40: 1A10122511 | D40: Internal Gusset | F40: 1A | G40: US | H40: ASTM A240 | I40: Gr 304 | J40: 1500 | K40: mm | L40: Hot Rolled | P40: Mill Finish | Q40: LD/102 | R40: 10 | T40: 45015.533 | U40: 45428.718 | V40: 216666000000398484
A41: PDS - Distillation Column | B41: Plate | C41: 1A10127511 | D41: Support Ring | F41: 1A | G41: US | H41: ASTM A240 | I41: Gr 304 | J41: 1500 | K41: mm | L41: Hot Rolled | P41: Mill Finish | Q41: LD/449 | T41: 45474.742 | U41: 45483.535 | V41: 216666000000968007
A42: PDS - Distillation Column | B42: Plate | C42: 1A10129311 | D42: Closer Plate | F42: 1A | G42: US | H42: ASTM A240 | I42: Gr 304 | J42: 1500 | K42: mm | L42: Hot Rolled | P42: Mill Finish | Q42: LD/415 | R42: 15 | T42: 45469.663 | U42: 45470.708 | V42: 216666000000952003
A43: PDS - Distillation Column | B43: Flat - Plate | C43: 1A10210311 | D43: External Stiffner | F43: 1B | G43: US | H43: ASTM A240 | I43: Gr 304 | J43: 50 | K43: mm | L43: Hot Rolled | P43: Mill Finish | Q43: LD/103 | R43: 10 | T43: 45015.533 | U43: 45428.717 | V43: 216666000000398485
A44: PDS - Distillation Column | B44: Flat - Plate | C44: 1A10210611 | D44: Body Flange Flat | F44: 1B | G44: US | H44: ASTM A240 | I44: Gr 304 | J44: 50 | K44: mm | L44: Hot Rolled | P44: Mill Finish | Q44: LD/106 | T44: 45015.533 | U44: 45423.684 | V44: 216666000000398488
A45: PDS - Distillation Column | B45: Flat - Plate | C45: 1A10214611 | D45: Tray Support Ring | F45: 1A | G45: US | H45: ASTM A240 | I45: Gr 304 | J45: 50 | K45: mm | L45: Hot Rolled | P45: Mill Finish | Q45: LD/108 | R45: 6 | T45: 45015.533 | U45: 45496.694 | V45: 216666000000398490
A46: PDS - Distillation Column | B46: Flat - Plate | C46: 1A10218411 | D46: Backing Strip | F46: 3B | G46: US | H46: ASTM A240 | I46: Gr 304 | J46: 50 | K46: mm | L46: Hot Rolled | P46: Mill Finish | Q46: LD/109 | R46: 5 | T46: 45015.533 | U46: 45428.717 | V46: 216666000000398491
A47: PDS - Distillation Column | B47: Pipe | C47: 1A10311611 | D47: Nozzle Pipe | F47: 3A | G47: US | H47: ASTM A312 | I47: Gr 304 | K47: NB | L47: ERW | Q47: LD/112 | T47: 45015.539 | U47: 45423.696 | V47: 216666000000398583
A48: PDS - Distillation Column | B48: Pipe | C48: 1A10313511 | D48: Trunion Pipe | F48: 3A | G48: US | H48: ASTM A312 | I48: Gr 304 | K48: NB | L48: ERW | Q48: LD/116 | T48: 45015.539 | U48: 45423.696 | V48: 216666000000398584
A49: PDS - Distillation Column | B49: Pipe | C49: 1A10313811 | D49: Vent Hole | F49: 3B | G49: US | H49: ASTM A312 | I49: Gr 304 | K49: NB | L49: ERW | Q49: LD/119 | T49: 45015.539 | U49: 45423.697 | V49: 216666000000398585
A50: PDS - Distillation Column | B50: Pipe | C50: 1A10315011 | D50: Riser | F50: 1B | G50: India | H50: IS 1239 | I50: Gr A | K50: NB | L50: ERW | N50: IS 1239 | O50: Class C | Q50: LD/394 | T50: 45441.448 | U50: 45441.448 | V50: 216666000000862075
A51: PDS - Distillation Column | B51: Pipe | C51: 1A10320011 | D51: SG - LG Pipe | F51: 2C | G51: US | H51: ASTM A312 | I51: Gr 304 | K51: NB | L51: ERW | Q51: LD/129 | T51: 45015.539 | U51: 45423.697 | V51: 216666000000398586
A52: PDS - Distillation Column | B52: Pipe | C52: 1A10320911 | D52: Distance Piece For Bend | F52: 2A | G52: US | H52: ASTM A312 | I52: Gr 304 | J52: 32 | K52: NB | L52: ERW | Q52: LD/136 | T52: 45015.533 | U52: 45545.635 | V52: 216666000000398512
A53: PDS - Distillation Column | B53: Pipe | C53: 1A10321011 | D53: Downcomer Pipe | F53: 3C | G53: US | H53: ASTM A312 | I53: Gr 304 | K53: NB | L53: ERW | Q53: LD/132 | T53: 45015.539 | U53: 45423.698 | V53: 216666000000398587
A54: PDS - Distillation Column | B54: Pipe | C54: 1A10331611 | D54: Vapour Pipe | F54: 2A | G54: India | H54: IS 1239 | I54: Gr A | J54: 10 | K54: NB | L54: ERW | N54: IS 1239 | O54: Class C | Q54: LD/392 | T54: 45439.728 | U54: 45439.728 | V54: 216666000000854817
A55: PDS - Distillation Column | B55: Pipe | C55: 1A10331711 | D55: Vapour Bend | F55: 2A | G55: India | H55: IS 1239 | I55: Gr A | K55: NB | L55: ERW | N55: IS 1239 | O55: Class C | Q55: LD/393 | T55: 45439.729 | U55: 45439.729 | V55: 216666000000854829
A56: PDS - Distillation Column | B56: Pipe | C56: 1A10334411 | D56: Packing Pipe | F56: 2B | G56: US | H56: ASTM A312 | I56: Gr 304 | J56: 150 | K56: NB | L56: ERW | N56: ASME B36.10M | O56: Sch 10S | Q56: LD/493 | T56: 45528.533 | U56: 45528.535 | V56: 216666000001386003
A57: PDS - Distillation Column | B57: Elbow | C57: 1A10412011 | D57: Nozzle Elbow | F57: 2C | G57: US | H57: ASTM A403 | I57: WP 304 | K57: NB | Q57: LD/133 | T57: 45015.533 | U57: 45423.7 | V57: 216666000000398509
A58: PDS - Distillation Column | B58: Flanges | C58: 1A10611811 | D58: Nozzle Flange | F58: 2C | G58: India | H58: IS 2062 | I58: Gr B | K58: NB | L58: LJFF | N58: IS 6392 | O58: #150 | Q58: LD/138 | T58: 45015.533 | U58: 45423.701 | V58: 216666000000398514
A59: PDS - Distillation Column | B59: Stubend | C59: 1A10711711 | D59: Nozzle Stubend | F59: 2C | G59: US | H59: ASTM A403 | I59: WP 304 | K59: NB | Q59: LD/143 | T59: 45015.533 | U59: 45423.704 | V59: 216666000000398519
A60: PDS - Distillation Column | B60: Gasket | C60: 1A10810811 | D60: Gasket - Body Flange | F60: 2C | J60: 65 | K60: NB | L60: NACF | Q60: LD/146 | T60: 45015.533 | U60: 45545.634 | V60: 216666000000398522
A61: PDS - Distillation Column | B61: Gasket | C61: 1A10811911 | D61: Nozzle Gasket | F61: 2C | L61: NACF | Q61: LD/149 | T61: 45015.533 | U61: 45015.533 | V61: 216666000000398525
A62: PDS - Distillation Column | B62: Nut, Bolt & Washer | C62: 1A11410711 | D62: Nut Bolt & Washer - Body Flange | F62: 3A | G62: India | H62: IS 1367 | I62: Gr 4.6/4.8 | Q62: LD/159 | T62: 45015.533 | U62: 45015.533 | V62: 216666000000398535
A63: PDS - Distillation Column | B63: Nut, Bolt & Washer | C63: 1A11412411 | D63: Nut Bolt & Washer - Nozzle | F63: 2B | G63: India | H63: IS 1367 | I63: Gr 4.6/4.8 | Q63: LD/162 | T63: 45015.533 | U63: 45015.533 | V63: 216666000000398538
A64: PDS - Distillation Column | B64: Nut, Bolt & Washer | C64: 1A11413911 | D64: Setting Bolt | F64: 2B | G64: India | H64: IS 1367 | I64: Gr 4.6/4.8 | Q64: LD/165 | T64: 45015.533 | U64: 45015.533 | V64: 216666000000398541
A65: PDS - Distillation Column | B65: Nut, Bolt & Washer | C65: 1A11415311 | D65: Nut Bolt & Washer - Bubble Cap | F65: 1C | G65: India | H65: IS 1367 | I65: Gr 4.6/4.8 | Q65: LD/168 | T65: 45015.533 | U65: 45015.533 | V65: 216666000000398544
A66: PDS - Distillation Column | B66: Nut, Bolt & Washer | C66: 1A11431511 | D66: Nut Bolt & Washer - Tray | F66: 2B | G66: India | H66: IS 1367 | I66: Gr 4.6/4.8 | K66: mm | L66: Hexagonal Type | Q66: LD/122 | T66: 45435.665 | U66: 45435.699 | V66: 216666000000847003
A67: PDS - Distillation Column | B67: Barrel Nipple | C67: 1A11511011 | D67: Barrel Nipple | F67: 2C | G67: US | H67: ASTM A240 | I67: Gr 304 | J67: 1/2 | K67: Inch | Q67: LD/169 | T67: 45015.533 | U67: 45545.633 | V67: 216666000000398545
A68: PDS - Distillation Column | B68: Thermowell | C68: 1A11611111 | D68: Thermowell | F68: 2C | G68: US | H68: ASTM A312 | I68: TP 304 | Q68: LD/173 | T68: 45015.533 | U68: 45423.707 | V68: 216666000000398549
A69: PDS - Distillation Column | B69: Socket & Plug | C69: 1A11711211 | D69: Socket With Plug | F69: 2C | G69: US | H69: ASTM A240 | I69: Gr 304 | K69: Inch | Q69: LD/176 | T69: 45015.533 | U69: 45423.707 | V69: 216666000000398552
A70: PDS - Distillation Column | B70: SG/LG | C70: 1A11811311 | D70: SG - LG | F70: 2C | G70: US | H70: ASTM A240 | I70: Gr 304 | K70: NB | Q70: LD/179 | T70: 45015.533 | U70: 45058.409 | V70: 216666000000398555
A71: PDS - Distillation Column | B71: Manhole | C71: 1A11911411 | D71: Manhole | F71: 1C | G71: US | H71: ASTM A240 | I71: Gr 304 | Q71: LD/182 | T71: 45015.533 | U71: 45423.708 | V71: 216666000000398558
A72: PDS - Distillation Column | B72: Bubble Cap | C72: 1A12015111 | D72: Bubble Cap | F72: 1B | G72: US | H72: ASTM A240 | I72: Gr 304 | J72: 3 | K72: Inch | Q72: LD/185 | T72: 45015.533 | U72: 45545.633 | V72: 216666000000398561
A73: PDS - Distillation Column | B73: Bubble Cap Holder | C73: 1A12115211 | D73: Bubble Cap Holder | F73: 1B | G73: US | H73: ASTM A240 | I73: Gr 304 | J73: 3 | K73: Inch | Q73: LD/186 | T73: 45015.533 | U73: 45545.633 | V73: 216666000000398562
A74: PDS - Distillation Column | B74: Wire Mesh | C74: 1A12717311 | D74: Wire Mesh | F74: 2C | G74: US | H74: ASTM A240 | I74: Gr 304 | Q74: LD/416 | T74: 45469.711 | U74: 45474.729 | V74: 216666000000953003
A75: PDS - Distillation Column | B75: Earthing Boss | C75: 1A12913711 | D75: Earthing Boss | F75: 3C | G75: India | H75: IS 2062 | I75: Gr B | J75: 40 x 40 x M12 | K75: mm | Q75: LD/196 | T75: 45015.533 | U75: 45427.426 | V75: 216666000000398572
A76: PDS - Distillation Column | B76: Name Plate | C76: 1A13013011 | D76: Name Plate | F76: 1A | G76: US | H76: ASTM A240 | I76: Gr 304 | Q76: LD/198 | T76: 45015.533 | U76: 45423.709 | V76: 216666000000398574
A77: PDS - Distillation Column | B77: Name Plate | C77: 1A13013211 | D77: Logo Plate | F77: 1A | G77: US | H77: ASTM A240 | I77: Gr 304 | Q77: LD/201 | T77: 45015.533 | U77: 45423.71 | V77: 216666000000398577
A78: PDS - Distillation Column | B78: Plastic End Cap | C78: 1A13218311 | D78: Plastic End Cap | F78: 3C | G78: US | H78: ASTM A312 | I78: Gr 304 | K78: NB | Q78: LD/204 | T78: 45015.533 | U78: 45423.71 | V78: 216666000000398580
A79: PDS - Distillation Column | B79: Plate | C79: 1A20127211 | D79: Support Angle | F79: 2A | G79: US | H79: ASTM A240 | I79: Gr 304 | J79: 1500 | K79: mm | L79: Hot Rolled | P79: Mill Finish | Q79: LD/450 | T79: 45474.638 | U79: 45483.536 | V79: 216666000000966457
A80: PDS - Miscellaneous | B80: Plate | C80: 1A10110114 | D80: Dishend | F80: 1A | G80: US | H80: ASTM A240 | I80: Gr 304 | J80: 1500 | K80: mm | L80: Hot Rolled | P80: Mill Finish | Q80: LD/347 | R80: 21 | T80: 45398.452 | U80: 45428.534 | V80: 216666000000683779
A81: PDS - Miscellaneous | B81: Plate | C81: 1A10110214 | D81: Cone | F81: 1A | G81: US | H81: ASTM A240 | I81: Gr 304 | J81: 1500 | K81: mm | L81: Hot Rolled | P81: Mill Finish | Q81: LD/345 | R81: 15 | T81: 45398.452 | U81: 45428.536 | V81: 216666000000683771
A82: PDS - Miscellaneous | B82: Plate | C82: 1A10110414 | D82: Shell Plate | F82: 1A | G82: US | H82: ASTM A240 | I82: Gr 304 | J82: 1500 | K82: mm | L82: Hot Rolled | P82: Mill Finish | Q82: LD/369 | R82: 3 | T82: 45398.452 | U82: 45428.537 | V82: 216666000000683867
A83: PDS - Miscellaneous | B83: Plate | C83: 1A10112114 | D83: Nozzle Liner | F83: 1A | G83: US | H83: ASTM A240 | I83: Gr 304 | J83: 1500 | K83: mm | L83: Hot Rolled | P83: Mill Finish | Q83: LD/360 | R83: 10 | T83: 45398.452 | U83: 45428.708 | V83: 216666000000683831
A84: PDS - Miscellaneous | B84: Plate | C84: 1A10112314 | D84: Nozzle Gusset | F84: 3C | G84: US | H84: ASTM A240 | I84: Gr 304 | J84: 1500 | K84: mm | L84: Hot Rolled | P84: Mill Finish | Q84: LD/359 | R84: 10 | T84: 45398.452 | U84: 45428.718 | V84: 216666000000683827
A85: PDS - Miscellaneous | B85: Plate | C85: 1A10112514 | D85: Lug Support | F85: 2A | G85: US | H85: ASTM A240 | I85: Gr 304 | J85: 1500 | K85: mm | L85: Hot Rolled | P85: Mill Finish | Q85: LD/356 | R85: 10 | T85: 45398.452 | U85: 45428.719 | V85: 216666000000683815
A86: PDS - Miscellaneous | B86: Pipe | C86: 1A10112614 | D86: Leg Support | F86: 1A | G86: US | H86: ASTM A312 | I86: Gr 304 | K86: NB | L86: ERW | N86: ASME B36.10M | O86: Sch 10S | Q86: LD/352 | T86: 45398.452 | U86: 45436.609 | V86: 216666000000683799
A87: PDS - Miscellaneous | B87: Plate | C87: 1A10112814 | D87: Base Plate | F87: 1B | G87: US | H87: ASTM A240 | I87: Gr 304 | J87: 1500 | K87: mm | L87: Hot Rolled | P87: Mill Finish | Q87: LD/339 | R87: 15 | T87: 45398.452 | U87: 45428.72 | V87: 216666000000683747
A88: PDS - Miscellaneous | B88: Plate | C88: 1A10112914 | D88: Gusset Plate | F88: 2A | G88: US | H88: ASTM A240 | I88: Gr 304 | J88: 1500 | K88: mm | L88: Hot Rolled | P88: Mill Finish | Q88: LD/350 | R88: 10 | T88: 45398.452 | U88: 45428.718 | V88: 216666000000683791
A89: PDS - Miscellaneous | B89: Plate | C89: 1A10113014 | D89: Name Plate | F89: 1A | G89: US | H89: ASTM A240 | I89: Gr 304 | J89: 1500 | K89: mm | L89: Hot Rolled | P89: Mill Finish | Q89: LD/357 | T89: 45398.452 | U89: 45426.446 | V89: 216666000000683819
A90: PDS - Miscellaneous | B90: Plate | C90: 1A10113114 | D90: Name Plate Bracket | F90: 2C | G90: US | H90: ASTM A240 | I90: Gr 304 | J90: 1500 | K90: mm | L90: Hot Rolled | P90: Mill Finish | Q90: LD/358 | R90: 3 | T90: 45398.452 | U90: 45428.721 | V90: 216666000000683823
A91: PDS - Miscellaneous | B91: Plate | C91: 1A10113214 | D91: Logo Plate | F91: 1A | G91: US | H91: ASTM A240 | I91: Gr 304 | J91: 1500 | K91: mm | L91: Hot Rolled | P91: Mill Finish | Q91: LD/354 | T91: 45398.452 | U91: 45426.448 | V91: 216666000000683807
A92: PDS - Miscellaneous | B92: Plate | C92: 1A10113314 | D92: Logo Plate Bracket | F92: 2C | G92: US | H92: ASTM A240 | I92: Gr 304 | J92: 1500 | K92: mm | L92: Hot Rolled | P92: Mill Finish | Q92: LD/355 | R92: 3 | T92: 45398.452 | U92: 45428.721 | V92: 216666000000683811
A93: PDS - Miscellaneous | B93: Plate | C93: 1A10113414 | D93: Lifting Lug | F93: 2A | G93: US | H93: ASTM A240 | I93: Gr 304 | J93: 1500 | K93: mm | L93: Hot Rolled | P93: Mill Finish | Q93: LD/353 | R93: 10 | T93: 45398.452 | U93: 45428.719 | V93: 216666000000683803
A94: PDS - Miscellaneous | B94: Plate | C94: 1A10114014 | D94: Vortex Breaker Plate | F94: 3B | G94: US | H94: ASTM A240 | I94: Gr 304 | J94: 1500 | K94: mm | L94: Hot Rolled | P94: Mill Finish | Q94: LD/372 | R94: 10 | T94: 45398.452 | U94: 45428.721 | V94: 216666000000683879
A95: PDS - Miscellaneous | B95: Plate | C95: 1A10114414 | D95: Saddle Plate | F95: 2A | G95: US | H95: ASTM A240 | I95: Gr 304 | J95: 1500 | K95: mm | L95: Hot Rolled | P95: Mill Finish | Q95: LD/368 | R95: 5 | T95: 45398.452 | U95: 45428.722 | V95: 216666000000683863
A96: PDS - Miscellaneous | B96: Plate | C96: 1A10118114 | D96: Tank Support Clits | F96: 3C | G96: US | H96: ASTM A240 | I96: Gr 304 | J96: 1500 | K96: mm | L96: Hot Rolled | P96: Mill Finish | Q96: LD/371 | R96: 5 | T96: 45398.452 | U96: 45428.722 | V96: 216666000000683875
A97: PDS - Miscellaneous | B97: Plate | C97: 1A10118214 | D97: Pad Plate For Lifting Lug | F97: 1A | G97: US | H97: ASTM A240 | I97: Gr 304 | J97: 1500 | K97: mm | L97: Hot Rolled | P97: Mill Finish | Q97: LD/362 | R97: 3 | T97: 45398.452 | U97: 45428.723 | V97: 216666000000683839
A98: PDS - Miscellaneous | B98: Plate | C98: 1A10118614 | D98: Blind Flange Liner | F98: 1A | G98: US | H98: ASTM A240 | I98: Gr 304 | J98: 1500 | K98: mm | L98: Hot Rolled | P98: Mill Finish | Q98: LD/341 | R98: 10 | T98: 45398.452 | U98: 45428.708 | V98: 216666000000683755
A99: PDS - Miscellaneous | B99: Plate | C99: 1A10118914 | D99: Pad Plate For Leg Support | F99: 1A | G99: US | H99: ASTM A240 | I99: Gr 304 | J99: 1500 | K99: mm | L99: Hot Rolled | P99: Mill Finish | Q99: LD/361 | R99: 3 | T99: 45398.452 | U99: 45441.488 | V99: 216666000000683835
A100: PDS - Miscellaneous | B100: Plate | C100: 1A10119014 | D100: Pad Plate For Saddle Support | F100: 1A | G100: US | H100: ASTM A240 | I100: Gr 304 | J100: 1500 | K100: mm | L100: Hot Rolled | P100: Mill Finish | Q100: LD/364 | R100: 3 | T100: 45398.452 | U100: 45428.722 | V100: 216666000000683847
A101: PDS - Miscellaneous | B101: Plate | C101: 1A10119114 | D101: Pad Plate For Nozzle | F101: 1A | G101: US | H101: ASTM A240 | I101: Gr 304 | J101: 1500 | K101: mm | L101: Hot Rolled | P101: Mill Finish | Q101: LD/363 | R101: 5 | T101: 45398.452 | U101: 45428.724 | V101: 216666000000683843
A102: PDS - Miscellaneous | B102: Plate | C102: 1A10119214 | D102: Rib Plate | F102: 2A | G102: US | H102: ASTM A240 | I102: Gr 304 | J102: 1500 | K102: mm | L102: Hot Rolled | P102: Mill Finish | Q102: LD/367 | R102: 10 | T102: 45398.452 | U102: 45441.49 | V102: 216666000000683859
A103: PDS - Miscellaneous | B103: Plate | C103: 1A10119614 | D103: Pad Plate For SG - LG | F103: 1A | G103: US | H103: ASTM A240 | I103: Gr 304 | J103: 1500 | K103: mm | L103: Hot Rolled | P103: Mill Finish | Q103: LD/492 | R103: 15 | T103: 45526.662 | U103: 45526.663 | V103: 216666000001368739
... A106: PDS - Miscellaneous | B106: Plate | C106: 1A10123514 | D106: Cover Plate | F106: 1A | G106: US | H106: ASTM A240 | I106: Gr 304 | J106: 1500 | K106: mm | L106: Hot Rolled | P106: Mill Finish | Q106: LD/501 | R106: 15 | T106: 45546.601 | U106: 45546.601 | V106: 216666000001513019
A107: PDS - Miscellaneous | B107: Plate | C107: 1A10126714 | D107: Top Plate | F107: 1A | G107: US | H107: ASTM A240 | I107: Gr 304 | J107: 1500 | K107: mm | L107: Hot Rolled | P107: Mill Finish | Q107: LD/412 | T107: 45444.503 | U107: 45496.688 | V107: 216666000000883011
A108: PDS - Miscellaneous | B108: Plate | C108: 1A10127514 | D108: Support Ring | F108: 1A | G108: US | H108: ASTM A240 | I108: Gr 304 | J108: 1500 | K108: mm | L108: Hot Rolled | P108: Mill Finish | Q108: LD/370 | T108: 45398.452 | U108: 45426.456 | V108: 216666000000683871
A109: PDS - Miscellaneous | B109: Plate | C109: 1A10129014 | D109: Bottom Plate | F109: 1A | G109: US | H109: ASTM A240 | I109: Gr 304 | J109: 1500 | K109: mm | L109: Hot Rolled | P109: Mill Finish | Q109: LD/342 | R109: 15 | T109: 45398.452 | U109: 45441.491 | V109: 216666000000683759
A110: PDS - Miscellaneous | B110: Plate | C110: 1A10129114 | D110: Bracket For Name Plate | F110: 2C | G110: US | H110: ASTM A240 | I110: Gr 304 | J110: 1500 | K110: mm | L110: Hot Rolled | P110: Mill Finish | Q110: LD/343 | R110: 3 | T110: 45398.452 | U110: 45428.721 | V110: 216666000000683763
A111: PDS - Miscellaneous | B111: Plate | C111: 1A10129314 | D111: Closer Plate | F111: 1A | G111: US | H111: ASTM A240 | I111: Gr 304 | J111: 1500 | K111: mm | L111: Hot Rolled | P111: Mill Finish | Q111: LD/344 | R111: 15 | T111: 45398.452 | U111: 45441.491 | V111: 216666000000683767
A112: PDS - Miscellaneous | B112: Plate | C112: 1A10129514 | D112: Cone Type Fins | F112: 1A | G112: US | H112: ASTM A240 | I112: Gr 304 | J112: 1500 | K112: mm | L112: Hot Rolled | P112: Mill Finish | Q112: LD/346 | R112: 15 | T112: 45398.452 | U112: 45428.536 | V112: 216666000000683775
A113: PDS - Miscellaneous | B113: Plate | C113: 1A10129614 | D113: Frame Plate | F113: 1A | G113: US | H113: ASTM A240 | I113: Gr 304 | J113: 1500 | K113: mm | L113: Hot Rolled | P113: Mill Finish | Q113: LD/348 | R113: 3 | T113: 45398.452 | U113: 45441.493 | V113: 216666000000683783
A114: PDS - Miscellaneous | B114: Plate | C114: 1A10129714 | D114: Frame Plate Support Flat | F114: 1A | G114: US | H114: ASTM A240 | I114: Gr 304 | J114: 1500 | K114: mm | L114: Hot Rolled | P114: Mill Finish | Q114: LD/349 | R114: 3 | T114: 45398.452 | U114: 45441.493 | V114: 216666000000683787
A115: PDS - Miscellaneous | B115: Plate | C115: 1A10130514 | D115: Perforated Plate | F115: 1A | G115: US | H115: ASTM A240 | I115: Gr 304 | J115: 1500 | K115: mm | L115: Hot Rolled | P115: Mill Finish | Q115: LD/365 | R115: 3 | T115: 45398.452 | U115: 45441.492 | V115: 216666000000683851
A116: PDS - Miscellaneous | B116: Plate | C116: 1A10130714 | D116: R.F. Pad For Manhole | F116: 1A | G116: US | H116: ASTM A240 | I116: Gr 304 | J116: 1500 | K116: mm | L116: Hot Rolled | P116: Mill Finish | Q116: LD/366 | T116: 45398.452 | U116: 45547.455 | V116: 216666000000683855
A117: PDS - Miscellaneous | B117: Plate | C117: 1A10131814 | D117: Cladding for Blind Flange | F117: 1B | G117: US | H117: ASTM A240 | I117: Gr 304 | J117: 1500 | K117: mm | L117: Hot Rolled | P117: Mill Finish | Q117: LD/391 | T117: 45439.727 | U117: 45439.727 | V117: 216666000000854813
A118: PDS - Miscellaneous | B118: Plate | C118: 1A10131914 | D118: Fins | F118: 2B | G118: US | H118: ASTM A240 | I118: Gr 304 | J118: 1500 | K118: mm | L118: Hot Rolled | P118: Mill Finish | Q118: LD/398 | T118: 45442.662 | U118: 45442.662 | V118: 216666000000873035
A119: PDS - Miscellaneous | B119: Plate | C119: 1A10133414 | D119: Sparger Support | F119: 2C | G119: US | H119: ASTM A240 | I119: Gr 304 | J119: 1500 | K119: mm | L119: Hot Rolled | P119: Mill Finish | Q119: LD/475 | T119: 45485.42 | U119: 45485.42 | V119: 216666000001005011
A120: PDS - Miscellaneous | B120: Flat - Plate | C120: 1A10210314 | D120: External Stiffener | F120: 1B | G120: US | H120: ASTM A240 | I120: Gr 304 | J120: 50 | K120: mm | L120: Hot Rolled | P120: Mill Finish | Q120: LD/318 | R120: 10 | T120: 45398.452 | U120: 45428.732 | V120: 216666000000683663
A121: PDS - Miscellaneous | B121: Flat - Plate | C121: 1A10218414 | D121: Backing Strip | F121: 3B | G121: US | H121: ASTM A240 | I121: Gr 304 | J121: 50 | K121: mm | L121: Hot Rolled | P121: Mill Finish | Q121: LD/320 | R121: 5 | T121: 45398.452 | U121: 45428.733 | V121: 216666000000683671
...

Sheet Condenser+Cooler (1 Pass)
A2: PDS - Shell & Tube HE | B2: Plate | C2: 1A10110412 | D2: Shell Plate | F2: 1A | G2: US | H2: ASTM A240 | I2: Gr 304 | J2: 1500 | K2: mm | L2: Hot Rolled | P2: Mill Finish | Q2: LD/7 | R2: 3 | T2: 45015.533 | U2: 45428.537 | V2: 216666000000398389
A3: PDS - Shell & Tube HE | B3: Plate | C3: 1A10110112 | D3: Dishend | F3: 1A | G3: US | H3: ASTM A240 | I3: Gr 304 | J3: 1500 | K3: mm | L3: Hot Rolled | P3: Mill Finish | Q3: LD/2 | R3: 21 | T3: 45015.533 | U3: 45428.534 | V3: 216666000000398384
A4: PDS - Shell & Tube HE | B4: Plate | C4: 1A10114312 | D4: Bonnet Shell | F4: 3A | G4: US | H4: ASTM A240 | I4: Gr 304 | J4: 1500 | K4: mm | L4: Hot Rolled | P4: Mill Finish | Q4: LD/51 | R4: 3 | T4: 45015.533 | U4: 45545.703 | V4: 216666000000398433
A5: PDS - Shell & Tube HE | B5: Plate | C5: 1A10114312 | D5: Bonnet Shell | F5: 3A | G5: US | H5: ASTM A240 | I5: Gr 304 | J5: 1500 | K5: mm | L5: Hot Rolled | P5: Mill Finish | Q5: LD/51 | R5: 3 | T5: 45015.533 | U5: 45545.703 | V5: 216666000000398433
A6: PDS - Shell & Tube HE | B6: Tube | C6: 1A12316512 | D6: Tubes | F6: 1A | G6: US | H6: ASTM A249 | I6: Gr 304 | Q6: LD/189 | T6: 45015.533 | U6: 45423.743 | V6: 216666000000398565
A7: PDS - Shell & Tube HE | B7: Tubesheet | C7: 1A12215912 | D7: Tubesheet | F7: 1B | G7: US | H7: ASTM A240 | I7: Gr 304 | Q7: LD/187 | T7: 45015.533 | U7: 45423.742 | V7: 216666000000398563
A8: PDS - Shell & Tube HE | B8: Plate | C8: 1A10116012 | D8: Baffle Plate | F8: 1A | G8: US | H8: ASTM A240 | I8: Gr 304 | J8: 1500 | K8: mm | L8: Hot Rolled | P8: Mill Finish | Q8: LD/65 | R8: 22 | T8: 45015.533 | U8: 45436.588 | V8: 216666000000398447
A9: PDS - Shell & Tube HE | B9: Solid Bar | C9: 1A12516212 | D9: Tie Rod | F9: 1C | G9: US | H9: AISI 304 | Q9: LD/192 | T9: 45015.533 | U9: 45423.744 | V9: 216666000000398568
A10: PDS - Shell & Tube HE | B10: Tube | C10: 1A12316112 | D10: Spacer Tube | F10: 1C | G10: US | H10: ASTM A249 | I10: Gr 304 | Q10: LD/188 | T10: 45015.533 | U10: 45423.742 | V10: 216666000000398564
A11: PDS - Shell & Tube HE | B11: Nut | C11: 1A11219712 | D11: Hex Nut | F11: 2C | G11: US | H11: AISI 304 | Q11: LD/157 | T11: 45015.533 | U11: 45423.739 | V11: 216666000000398533
A12: PDS - Shell & Tube HE | B12: Nut | C12: 1A11216712 | D12: Lock Nut | F12: 2C | G12: US | H12: AISI 304 | Q12: LD/156 | T12: 45015.533 | U12: 45423.739 | V12: 216666000000398532
A13: PDS - Shell & Tube HE | B13: Plate | C13: 1A10110912 | D13: Body Flange Liner | F13: 1A | G13: US | H13: ASTM A240 | I13: Gr 304 | J13: 1500 | K13: mm | L13: Hot Rolled | P13: Mill Finish | Q13: LD/12 | R13: 10 | T13: 45015.533 | U13: 45428.708 | V13: 216666000000398394
A14: PDS - Shell & Tube HE | B14: Plate | C14: 1A10110612 | D14: Body Flange | F14: 1B | G14: India | H14: IS 2062 | I14: Gr B | J14: 1500 | K14: mm | L14: Hot Rolled | P14: Mill Finish | Q14: LD/477 | T14: 45504.6 | U14: 45505.742 | V14: 216666000001274003
A15: PDS - Shell & Tube HE | B15: Gasket | C15: 1A10810812 | D15: Gasket - Body Flange | F15: 2C | L15: NACF | Q15: LD/147 | T15: 45015.533 | U15: 45015.533 | V15: 216666000000398523
A16: PDS - Shell & Tube HE | B16: Nut, Bolt & Washer | C16: 1A11410712 | D16: Nut Bolt & Washer - Body Flange | F16: 3A | G16: US | H16: SA 193 | I16: B7/2H | Q16: LD/160 | T16: 45015.533 | U16: 45015.533 | V16: 216666000000398536
A17: PDS - Shell & Tube HE | B17: Plate | C17: 1A10118212 | D17: Pad Plates For Lifting Lug | F17: 1A | G17: US | H17: ASTM A240 | I17: Gr 304 | J17: 1500 | K17: mm | L17: Hot Rolled | P17: Mill Finish | Q17: LD/72 | R17: 3 | T17: 45015.533 | U17: 45428.723 | V17: 216666000000398454
A18: PDS - Shell & Tube HE | B18: Plate | C18: 1A10113412 | D18: Lifting Lug | F18: 2A | G18: India | H18: IS 2062 | I18: Gr A | J18: 1500 | K18: mm | L18: Hot Rolled | P18: Mill Finish | Q18: LD/41 | R18: 10 | T18: 45015.533 | U18: 45428.719 | V18: 216666000000398423
A19: PDS - Shell & Tube HE | B19: Plate | C19: 1A10113112 | D19: Name Plate Bracket | F19: 2C | G19: US | H19: ASTM A240 | I19: Gr 304 | J19: 1500 | K19: mm | L19: Hot Rolled | P19: Mill Finish | Q19: LD/35 | R19: 3 | T19: 45015.533 | U19: 45428.721 | V19: 216666000000398417
A20: PDS - Shell & Tube HE | B20: Gasket | C20: 1A10819312 | D20: C - Type Gasket | F20: 2C | L20: NACF | Q20: LD/154 | T20: 45015.533 | U20: 45015.533 | V20: 216666000000398530
A21: PDS - Shell & Tube HE | B21: Plate | C21: 1A10119012 | D21: Pad Plate For Saddle support | F21: 1A | G21: India | H21: IS 2062 | I21: Gr A | J21: 1500 | K21: mm | L21: Hot Rolled | P21: Mill Finish | Q21: LD/81 | R21: 3 | T21: 45015.533 | U21: 45428.722 | V21: 216666000000398463
A22: PDS - Shell & Tube HE | B22: Plate | C22: 1A10112812 | D22: Base Plate | F22: 1B | G22: India | H22: IS 2062 | I22: Gr A | J22: 1500 | K22: mm | L22: Hot Rolled | P22: Mill Finish | Q22: LD/29 | R22: 15 | T22: 45015.533 | U22: 45428.72 | V22: 216666000000398411
A23: PDS - Shell & Tube HE | B23: Plate | C23: 1A10114412 | D23: Saddle Plate | F23: 2A | G23: India | H23: IS 2062 | I23: Gr A | J23: 1500 | K23: mm | L23: Hot Rolled | P23: Mill Finish | Q23: LD/53 | R23: 5 | T23: 45015.533 | U23: 45428.722 | V23: 216666000000398435
A24: PDS - Shell & Tube HE | B24: Plate | C24: 1A10114412 | D24: Saddle Plate | F24: 2A | G24: India | H24: IS 2062 | I24: Gr A | J24: 1500 | K24: mm | L24: Hot Rolled | P24: Mill Finish | Q24: LD/53 | R24: 5 | T24: 45015.533 | U24: 45428.722 | V24: 216666000000398435
A25: PDS - Shell & Tube HE | B25: Plate | C25: 1A10119212 | D25: Rib Plate | F25: 2A | G25: US | H25: ASTM A240 | I25: Gr 304 | J25: 1500 | K25: mm | L25: Hot Rolled | P25: Mill Finish | Q25: LD/86 | R25: 10 | T25: 45015.533 | U25: 45441.49 | V25: 216666000000398468
A26: PDS - Shell & Tube HE | B26: Plate | C26: 1A10119212 | D26: Rib Plate | F26: 2A | G26: US | H26: ASTM A240 | I26: Gr 304 | J26: 1500 | K26: mm | L26: Hot Rolled | P26: Mill Finish | Q26: LD/86 | R26: 10 | T26: 45015.533 | U26: 45441.49 | V26: 216666000000398468
A27: PDS - Shell & Tube HE | B27: Earthing Boss | C27: 1A12913712 | D27: Earthing Boss | F27: 3C | G27: India | H27: IS 2062 | I27: Gr B | J27: 40 x 40 x M12 | K27: mm | Q27: LD/197 | T27: 45015.533 | U27: 45427.426 | V27: 216666000000398573

Sheet Condenser (2 & 4 Pass)
G2: HTA | H2: 100 | I2: Tube Qty | J2: =P2*J3 -> 420 | P2: =ROUNDUP(Q2/J3,0) -> 105 | Q2: =H2/(((H3/1000)*PI())*(H4/1000)) -> 417.72951 | S2: HTA/(((Tube OD./1000)*pi)*(Tube Length/1000))
G3: TUBE OD. | H3: 25.4 | I3: No Of Pass | J3: 4
G4: Tube Length | H4: 3000 | I4: Shell ID. | J4: =ROUNDUP(((((J2^0.5)+1.25*(J3^0.5))*1.25*1.05*H3)+25)/10,0)*10 -> 800
G5: Tube THK | H5: 1.6 | I5: R.S. Bonnet Shell | J5: 300
G6: Baffle Qty | H6: 5 | I6: F.S. Bonnet Shell | J6: 200
C11: Location Name | D11: Item Name | E11: Priority | F11: General Standard | G11: MOC Standard | H11: MOC Grade | I11: Item Size | J11: Item Unit | K11: Item Type | L11: Item Subtype | M11: Dimensional Standard | N11: MOC Schedule/Class | O11: Item Finish | P11: Special Specs | Q11: Thickness | R11: Other Value | S11: Quantity | T11: Remaining Qty | U11: Finish Length | V11: Raw Length | W11: Remaining Length | X11: Finish Weight
A12: PDS - Shell & Tube HE | B12: 1A10110412 | C12: Shell Plate | D12: Plate | E12: 1A | F12: US | G12: ASTM A240 | H12: Gr 304 | I12: 1500 | J12: mm | K12: Hot Rolled | O12: Mill Finish | P12: =(J4+Q12)*PI() -> 2528.9821 | Q12: =VLOOKUP(J4,'Heat Exchanger Data'!C3:W227,2,0) -> 5 | S12: 1 | U12: =(H4-Q17-Q17)+8 -> 2948 | X12: =P12*U12*Q12*8*10^-6*S12 -> 298.21757 | Z12: LD/7 | AB12: 45015.533 | AC12: 45428.537 | AD12: 216666000000398389
A13: PDS - Shell & Tube HE | B13: 1A10110112 | C13: Dishend | D13: Plate | E13: 1A | F13: US | G13: ASTM A240 | H13: Gr 304 | I13: 1500 | J13: mm | K13: Hot Rolled | O13: Mill Finish | P13: =J4*1.1+50 -> 930 | Q13: =VLOOKUP(J4,'Heat Exchanger Data'!C4:W228,4,0) -> 5 | S13: 2 | X13: =0.7854*(P13*P13)*Q13*8*10^-6*S13 -> 54.343397 | Z13: LD/2 | AB13: 45015.533 | AC13: 45428.534 | AD13: 216666000000398384
A14: PDS - Shell & Tube HE | B14: 1A10114312 | C14: Bonnet Shell | D14: Plate | E14: 3A | F14: US | G14: ASTM A240 | H14: Gr 304 | I14: 1500 | J14: mm | K14: Hot Rolled | O14: Mill Finish | P14: =(J4+Q14)*PI() -> 2528.9821 | Q14: =Q12 -> 5 | S14: 1 | U14: =J5 -> 300 | X14: =P14*U14*Q14*8*10^-6*S14 -> 30.347785 | Z14: LD/51 | AB14: 45015.533 | AC14: 45545.703 | AD14: 216666000000398433
A15: PDS - Shell & Tube HE | B15: 1A10114312 | C15: Bonnet Shell | D15: Plate | E15: 3A | F15: US | G15: ASTM A240 | H15: Gr 304 | I15: 1500 | J15: mm | K15: Hot Rolled | O15: Mill Finish | P15: =(J4+Q15)*PI() -> 2528.9821 | Q15: =Q12 -> 5 | S15: 1 | U15: =J6 -> 200 | X15: =P15*U15*Q15*8*10^-6*S15 -> 20.231857 | Z15: LD/51 | AB15: 45015.533 | AC15: 45545.703 | AD15: 216666000000398433
A16: PDS - Shell & Tube HE | B16: 1A12316512 | C16: Tubes | D16: Tube | E16: 1A | F16: US | G16: ASTM A249 | H16: Gr 304 | I16: =H3 -> 25.4 | J16: mm | K16: Circular | Q16: =H5 -> 1.6 | S16: =J2 -> 420 | V16: =H4 -> 3000 | X16: =((I16-Q16)*PI())*V16*Q16*8*10^-6*S16 -> 1205.889 | Z16: LD/189 | AB16: 45015.533 | AC16: 45423.743 | AD16: 216666000000398565
A17: PDS - Shell & Tube HE | B17: 1A12215912 | C17: Tubesheet | D17: Tubesheet | E17: 1B | F17: US | G17: ASTM A240 | H17: Gr 304 | J17: mm | K17: Circular | P17: =VLOOKUP(J4,'Heat Exchanger Data'!C3:W227,15,0)+5 -> 817 | Q17: =VLOOKUP(J4,'Heat Exchanger Data'!C3:W227,5,0)+3 -> 30 | S17: 2 | X17: =0.7854*(P17*P17)*Q17*8*10^-6*S17 -> 251.63801 | Z17: LD/187 | AB17: 45015.533 | AC17: 45423.742 | AD17: 216666000000398563
A18: PDS - Shell & Tube HE | B18: 1A10116012 | C18: Baffle Plate | D18: Plate | E18: 1A | F18: US | G18: ASTM A240 | H18: Gr 304 | I18: 1500 | J18: mm | K18: Hot Rolled | O18: Mill Finish | P18: =J4-5 -> 795 | Q18: =VLOOKUP(J4,'Heat Exchanger Data'!C3:W227,7,0) -> 36 | S18: =H6 -> 5 | X18: =0.7854*(P18*P18)*Q18*8*10^-6*S18 -> 714.80511 | Z18: LD/65 | AB18: 45015.533 | AC18: 45436.588 | AD18: 216666000000398447
A19: PDS - Shell & Tube HE | B19: 1A12516212 | C19: Tie Rod | D19: Solid Bar | E19: 1C | F19: US | G19: AISI 304 | I19: =VLOOKUP(J4,'Heat Exchanger Data'!C3:W227,17,0) -> 925 | J19: mm | K19: Round Bar | Z19: LD/192 | AB19: 45015.533 | AC19: 45423.744 | AD19: 216666000000398568
A20: PDS - Shell & Tube HE | B20: 1A12316112 | C20: Spacer Tube | D20: Pipe | E20: 1C | F20: US | G20: ASTM A249 | H20: TP 304 | I20: =VLOOKUP(J4,'Heat Exchanger Data'!C4:X228,19,0) -> 852 | J20: NB | K20: ERW | M20: ASME B36.10M | N20: Sch 5S | Z20: LD/188 | AB20: 45015.533 | AC20: 45423.742 | AD20: 216666000000398564
A21: PDS - Shell & Tube HE | B21: 1A11219712 | C21: Hex Nut | D21: Nut | E21: 2C | F21: US | G21: AISI 304 | I21: =I19 -> 925 | J21: mm | K21: Hex Nut | S21: =VLOOKUP(J4,'Heat Exchanger Data'!C3:W227,18,0) -> 930 | Z21: LD/157 | AB21: 45015.533 | AC21: 45423.739 | AD21: 216666000000398533
A22: PDS - Shell & Tube HE | B22: 1A11216712 | C22: Lock Nut | D22: Nut | E22: 2C | F22: US | G22: AISI 304 | I22: =I19 -> 925 | J22: mm | K22: Lock Nut | S22: =S21 -> 930 | Z22: LD/156 | AB22: 45015.533 | AC22: 45423.739 | AD22: 216666000000398532
A23: PDS - Shell & Tube HE | B23: 1A10110912 | C23: Body Flange Liner | D23: Plate | E23: 1A | F23: US | G23: ASTM A240 | H23: Gr 304 | I23: 1500 | J23: mm | K23: Hot Rolled | O23: Mill Finish | P23: =VLOOKUP(J4,'Heat Exchanger Data'!C3:W227,16,0) -> 880 | Q23: 6 | R23: =J4 -> 800 | S23: 2 | X23: =0.7854*(P23*P23-R23*R23)*Q23*8*10^-6*S23 -> 10.133545 | Z23: LD/12 | AB23: 45015.533 | AC23: 45428.708 | AD23: 216666000000398394
A24: PDS - Shell & Tube HE | B24: 1A10110612 | C24: Body Flange | D24: Flat - Plate | E24: 1B | F24: India | G24: IS 2062 | H24: Gr B | J24: mm | K24: Hot Rolled | O24: Mill Finish | Q24: =VLOOKUP(J4,'Heat Exchanger Data'!C3:W227,6,0)+4 -> 34 | S24: 2 | V24: =P17*PI()+300 -> 2866.6812 | X24: =P24*V24*Q24*7.85*10^-6*S24 -> 0 | Z24: LD/477 | AB24: 45504.6 | AC24: 45505.742 | AD24: 216666000001274003
A25: PDS - Shell & Tube HE | B25: 1A10810812 | C25: Gasket - Body Flange | D25: Gasket | E25: 2C | K25: NACF | P25: =P23 -> 880 | Q25: 5 | R25: =R23 -> 800 | S25: =S23 -> 2 | Z25: LD/147 | AB25: 45015.533 | AC25: 45015.533 | AD25: 216666000000398523
A26: PDS - Shell & Tube HE | B26: 1A11410712 | C26: Nut Bolt & Washer - Body Flange | D26: Nut, Bolt & Washer | E26: 3A | F26: US | G26: SA 193 | H26: B7/2H | I26: =VLOOKUP(J4,'Heat Exchanger Data'!C3:W227,9,0) -> 8 | J26: mm | K26: Hexagonal Type | S26: =VLOOKUP(J4,'Heat Exchanger Data'!C3:W227,11,0) -> M16 | V26: =VLOOKUP(J4,'Heat Exchanger Data'!C3:W227,10,0) -> 6 | Z26: LD/160 | AB26: 45015.533 | AC26: 45015.533 | AD26: 216666000000398536
A27: PDS - Shell & Tube HE | B27: 1A10118212 | C27: Pad Plates For Lifting Lug | D27: Plate | E27: 1A | F27: US | G27: ASTM A240 | H27: Gr 304 | I27: 1500 | J27: mm | K27: Hot Rolled | O27: Mill Finish | P27: 75 | Q27: =Q12 -> 5 | S27: 2 | U27: 200 | X27: =P27*U27*Q27*8*10^-6*S27 -> 1.2 | Z27: LD/72 | AB27: 45015.533 | AC27: 45428.723 | AD27: 216666000000398454
A28: PDS - Shell & Tube HE | B28: 1A10113412 | C28: Lifting Lug | D28: Plate | E28: 2A | F28: India | G28: IS 2062 | H28: Gr A | I28: 1500 | J28: mm | K28: Hot Rolled | O28: Mill Finish | P28: 130 | Q28: 12 | S28: 2 | U28: 150 | X28: =P28*U28*Q28*8*10^-6*S28 -> 3.744 | Z28: LD/41 | AB28: 45015.533 | AC28: 45428.719 | AD28: 216666000000398423
A29: PDS - Shell & Tube HE | B29: 1A10113112 | C29: Name Plate Bracket | D29: Plate | E29: 2C | F29: US | G29: ASTM A240 | H29: Gr 304 | I29: 1500 | J29: mm | K29: Hot Rolled | O29: Mill Finish | P29: 145 | Q29: 3 | S29: 1 | U29: 270 | X29: =P29*U29*Q29*8*10^-6*S29 -> 0.9396 | Z29: LD/35 | AB29: 45015.533 | AC29: 45428.721 | AD29: 216666000000398417
A30: PDS - Shell & Tube HE | B30: 1A10117112 | C30: Partition Plate | D30: Plate | E30: 1A | F30: US | G30: ASTM A240 | H30: Gr 304 | I30: 1500 | J30: mm | K30: Hot Rolled | O30: Mill Finish | P30: =J4-4 -> 796 | Q30: =VLOOKUP(J4,'Heat Exchanger Data'!C3:W227,7,0) -> 36 | S30: 1 | U30: =0.193*J4+J5 -> 454.4 | X30: =P30*U30*Q30*8*10^-6*S30 -> 104.17029 | Z30: LD/67 | AB30: 45015.533 | AC30: 45423.724 | AD30: 216666000000398449
A31: PDS - Shell & Tube HE | B31: 1A10117112 | C31: Partition Plate | D31: Plate | E31: 1A | F31: US | G31: ASTM A240 | H31: Gr 304 | I31: 1500 | J31: mm | K31: Hot Rolled | O31: Mill Finish | P31: =P30/2-2 -> 396 | Q31: =VLOOKUP(J4,'Heat Exchanger Data'!C3:W227,7,0) -> 36 | S31: 1 | U31: =U30 -> 454.4 | X31: =P31*U31*Q31*8*10^-6*S31 -> 51.823411 | Z31: LD/67 | AB31: 45015.533 | AC31: 45423.724 | AD31: 216666000000398449
A32: PDS - Shell & Tube HE | B32: 1A10117112 | C32: Partition Plate | D32: Plate | E32: 1A | F32: US | G32: ASTM A240 | H32: Gr 304 | I32: 1500 | J32: mm | K32: Hot Rolled | O32: Mill Finish | P32: =J4-4 -> 796 | Q32: =VLOOKUP(J4,'Heat Exchanger Data'!C3:W227,7,0) -> 36 | S32: 1 | U32: =0.193*J4+J6 -> 354.4 | X32: =P32*U32*Q32*8*10^-6*S32 -> 81.245491 | Z32: LD/67 | AB32: 45015.533 | AC32: 45423.724 | AD32: 216666000000398449
A33: PDS - Shell & Tube HE | B33: 1A10819312 | C33: C - Type Gasket | D33: Gasket | E33: 2C | K33: NACF | P33: 35 | Q33: 5 | S33: 1 | U33: =P30+P31+P32 -> 1988 | Z33: LD/154 | AB33: 45015.533 | AC33: 45015.533 | AD33: 216666000000398530
A34: PDS - Shell & Tube HE | B34: 1A10119012 | C34: Pad Plate For Saddle support | D34: Plate | E34: 1A | F34: India | G34: IS 2062 | H34: Gr A | I34: 1500 | J34: mm | K34: Hot Rolled | O34: Mill Finish | Z34: LD/81 | AB34: 45015.533 | AC34: 45428.722 | AD34: 216666000000398463
A35: PDS - Shell & Tube HE | B35: 1A10112812 | C35: Base Plate | D35: Plate | E35: 1B | F35: India | G35: IS 2062 | H35: Gr A | I35: 1500 | J35: mm | K35: Hot Rolled | O35: Mill Finish | Z35: LD/29 | AB35: 45015.533 | AC35: 45428.72 | AD35: 216666000000398411
A36: PDS - Shell & Tube HE | B36: 1A10114412 | C36: Saddle Plate | D36: Plate | E36: 2A | F36: India | G36: IS 2062 | H36: Gr A | I36: 1500 | J36: mm | K36: Hot Rolled | O36: Mill Finish | Z36: LD/53 | AB36: 45015.533 | AC36: 45428.722 | AD36: 216666000000398435
A37: PDS - Shell & Tube HE | B37: 1A10114412 | C37: Saddle Plate | D37: Plate | E37: 2A | F37: India | G37: IS 2062 | H37: Gr A | I37: 1500 | J37: mm | K37: Hot Rolled | O37: Mill Finish | Z37: LD/53 | AB37: 45015.533 | AC37: 45428.722 | AD37: 216666000000398435
A38: PDS - Shell & Tube HE | B38: 1A10119212 | C38: Rib Plate | D38: Plate | E38: 2A | F38: US | G38: ASTM A240 | H38: Gr 304 | I38: 1500 | J38: mm | K38: Hot Rolled | O38: Mill Finish | Z38: LD/86 | AB38: 45015.533 | AC38: 45441.49 | AD38: 216666000000398468
A39: PDS - Shell & Tube HE | B39: 1A10119212 | C39: Rib Plate | D39: Plate | E39: 2A | F39: US | G39: ASTM A240 | H39: Gr 304 | I39: 1500 | J39: mm | K39: Hot Rolled | O39: Mill Finish | Z39: LD/86 | AB39: 45015.533 | AC39: 45441.49 | AD39: 216666000000398468
A40: PDS - Shell & Tube HE | B40: 1A12913712 | C40: Earthing Boss | D40: Earthing Boss | E40: 3C | F40: India | G40: IS 2062 | I40: 40 x 40 x M12 | J40: mm | S40: 1 | Z40: LD/197 | AB40: 45015.533 | AC40: 45427.426 | AD40: 216666000000398573

Sheet Reboiler-NEN
A1: PDS Name | B1: Equipment Category | C1: Equipment Type | D1: Equipment Subtype | E1: Location Name | F1: Indent No | G1: Item Name | H1: Priority | I1: General Standard | J1: MOC Standard | K1: MOC Grade | L1: Item Size | M1: Item Unit | N1: Item Type | O1: Item Subtype | P1: Dimensional Standard | Q1: MOC Schedule/Class | R1: Item Finish
A2: PDS - Shell & Tube HE | B2: Shell & Tube Heat Exchanger | C2: Thermosyphon - Reboiler | D2: Single Pass | E2: Shell Plate | F2: 1A10110412 | G2: Plate | H2: 1A | I2: US | J2: ASTM A240 | K2: Gr 304 | L2: 1500 | M2: mm | N2: Hot Rolled | R2: Mill Finish
A3: PDS - Shell & Tube HE | B3: Shell & Tube Heat Exchanger | C3: Thermosyphon - Reboiler | D3: Single Pass | E3: Dishend | F3: 1A10110112 | G3: Plate | H3: 1A | I3: US | J3: ASTM A240 | K3: Gr 304 | L3: 1500 | M3: mm | N3: Hot Rolled | R3: Mill Finish
A4: PDS - Shell & Tube HE | B4: Shell & Tube Heat Exchanger | C4: Thermosyphon - Reboiler | D4: Single Pass | E4: Bonnet Shell | F4: 1A10114312 | G4: Plate | H4: 3A | I4: US | J4: ASTM A240 | K4: Gr 304 | L4: 1500 | M4: mm | N4: Hot Rolled | R4: Mill Finish
A5: PDS - Shell & Tube HE | B5: Shell & Tube Heat Exchanger | C5: Thermosyphon - Reboiler | D5: Single Pass | E5: Bonnet Shell | F5: 1A10114312 | G5: Plate | H5: 3A | I5: US | J5: ASTM A240 | K5: Gr 304 | L5: 1500 | M5: mm | N5: Hot Rolled | R5: Mill Finish
A6: PDS - Shell & Tube HE | B6: Shell & Tube Heat Exchanger | C6: Thermosyphon - Reboiler | D6: Single Pass | E6: Body Flange Flat | F6: 1A10210612 | G6: Flat - Plate | H6: 1B | I6: India | J6: IS 2062 | K6: Gr B | L6: 80 | M6: mm | N6: Hot Rolled | R6: Mill Finish
A7: PDS - Shell & Tube HE | B7: Shell & Tube Heat Exchanger | C7: Thermosyphon - Reboiler | D7: Single Pass | E7: Body Flange Liner | F7: 1A10110912 | G7: Plate | H7: 1A | I7: US | J7: ASTM A240 | K7: Gr 304 | L7: 1500 | M7: mm | N7: Hot Rolled | R7: Mill Finish
A8: PDS - Shell & Tube HE | B8: Shell & Tube Heat Exchanger | C8: Thermosyphon - Reboiler | D8: Single Pass | E8: Gasket - Body Flange | F8: 1A10810812 | G8: Gasket | H8: 2C | M8: mm | N8: NACF
A9: PDS - Shell & Tube HE | B9: Shell & Tube Heat Exchanger | C9: Thermosyphon - Reboiler | D9: Single Pass | E9: Tubesheet | F9: 1A12215912 | G9: Tubesheet | H9: 1B | I9: US | J9: ASTM A240 | K9: Gr 304 | M9: mm | N9: Circular
A10: PDS - Shell & Tube HE | B10: Shell & Tube Heat Exchanger | C10: Thermosyphon - Reboiler | D10: Single Pass | E10: Nut Bolt & Washer - Body Flange | F10: 1A11410712 | G10: Nut, Bolt & Washer | H10: 3A | I10: India | J10: IS 1367 | K10: Gr 8.8 | L10: M24 | M10: mm | N10: Hexagonal Type
A11: PDS - Shell & Tube HE | B11: Shell & Tube Heat Exchanger | C11: Thermosyphon - Reboiler | D11: Single Pass | E11: Tubes | F11: 1A12316512 | G11: Tube | H11: 1A | I11: US | J11: ASTM A249 | K11: Gr 304 | L11: 38.1 | M11: mm | N11: Circular | O11: ERW | P11: ASTM A450 | R11: Mill Finish
A12: PDS - Shell & Tube HE | B12: Shell & Tube Heat Exchanger | C12: Thermosyphon - Reboiler | D12: Single Pass | E12: Bonnet Shell | F12: 1A10114312 | G12: Plate | H12: 3A | I12: US | J12: ASTM A240 | K12: Gr 304 | L12: 1500 | M12: mm | N12: Hot Rolled | R12: Mill Finish
A13: PDS - Shell & Tube HE | B13: Shell & Tube Heat Exchanger | C13: Thermosyphon - Reboiler | D13: Single Pass | E13: Bonnet Shell | F13: 1A10114312 | G13: Plate | H13: 3A | I13: US | J13: ASTM A240 | K13: Gr 304 | L13: 1500 | M13: mm | N13: Hot Rolled | R13: Mill Finish
A14: PDS - Shell & Tube HE | B14: Shell & Tube Heat Exchanger | C14: Thermosyphon - Reboiler | D14: Single Pass | E14: Baffle Plate | F14: 1A10116012 | G14: Plate | H14: 1A | I14: US | J14: ASTM A240 | K14: Gr 304 | L14: 1500 | M14: mm | N14: Hot Rolled | R14: Mill Finish
A15: PDS - Shell & Tube HE | B15: Shell & Tube Heat Exchanger | C15: Thermosyphon - Reboiler | D15: Single Pass | E15: Tie Rod | F15: 1A12516212 | G15: Solid Bar | H15: 1C | I15: US | J15: AISI 304 | L15: 14 | M15: mm | N15: Round Bar
A16: PDS - Shell & Tube HE | B16: Shell & Tube Heat Exchanger | C16: Thermosyphon - Reboiler | D16: Single Pass | E16: Spacer Tube | F16: 1A12316112 | G16: Pipe | H16: 1C | I16: US | J16: AISI 304 | L16: 15 | M16: NB | N16: ERW | P16: ASME B36.10M | Q16: Sch 5S
A17: PDS - Shell & Tube HE | B17: Shell & Tube Heat Exchanger | C17: Thermosyphon - Reboiler | D17: Single Pass | E17: Hex Nut | F17: 1A11219712 | G17: Nut, Bolt & Washer | H17: 2C | I17: US | J17: AISI 304 | L17: M14 | M17: mm | N17: Hexagonal Type
A18: PDS - Shell & Tube HE | B18: Shell & Tube Heat Exchanger | C18: Thermosyphon - Reboiler | D18: Single Pass | E18: Lock Nut | F18: 1A11216712 | G18: Nut, Bolt & Washer | H18: 2C | I18: US | J18: AISI 304 | L18: M14 | M18: mm | N18: Hexagonal Type
A19: PDS - Shell & Tube HE | B19: Shell & Tube Heat Exchanger | C19: Thermosyphon - Reboiler | D19: Single Pass | E19: Pad Plate For Support Ring | F19: 1A10134812 | G19: Plate | H19: 2A | I19: US | J19: ASTM A240 | K19: Gr 304 | L19: 1500 | M19: mm | N19: Hot Rolled | R19: Mill Finish
A20: PDS - Shell & Tube HE | B20: Shell & Tube Heat Exchanger | C20: Thermosyphon - Reboiler | D20: Single Pass | E20: Gusset Plate | F20: 1A10112912 | G20: Plate | H20: 2A | I20: India | J20: IS 2062 | K20: Gr A | L20: 1500 | M20: mm | N20: Hot Rolled | R20: Mill Finish
A21: PDS - Shell & Tube HE | B21: Shell & Tube Heat Exchanger | C21: Thermosyphon - Reboiler | D21: Single Pass | E21: Bottom Support Ring | F21: 1A10120712 | G21: Plate | H21: 2A | I21: India | J21: IS 2062 | K21: Gr A | L21: 1500 | M21: mm | N21: Hot Rolled | R21: Mill Finish
A22: PDS - Shell & Tube HE | B22: Shell & Tube Heat Exchanger | C22: Thermosyphon - Reboiler | D22: Single Pass | E22: Top Support Ring | F22: 1A10120712 | G22: Plate | H22: 2A | I22: India | J22: IS 2062 | K22: Gr A | L22: 1500 | M22: mm | N22: Hot Rolled | R22: Mill Finish
A23: PDS - Shell & Tube HE | B23: Shell & Tube Heat Exchanger | C23: Thermosyphon - Reboiler | D23: Single Pass | E23: Earthing Boss | F23: 1A12913712 | G23: Earthing Boss | H23: 3C | I23: India | J23: IS 2062 | K23: Gr A | L23: 40 x 40 x M12 | M23: mm
A24: PDS - Shell & Tube HE | B24: Shell & Tube Heat Exchanger | C24: Thermosyphon - Reboiler | D24: Single Pass | E24: Pad Plates For Lifting Lug | F24: 1A10118212 | G24: Plate | H24: 1A | I24: US | J24: ASTM A240 | K24: Gr 304 | L24: 1500 | M24: mm | N24: Hot Rolled | R24: Mill Finish
A25: PDS - Shell & Tube HE | B25: Shell & Tube Heat Exchanger | C25: Thermosyphon - Reboiler | D25: Single Pass | E25: Lifting Lug | F25: 1A10113414 | G25: Plate | H25: 2A | I25: US | J25: ASTM A240 | K25: Gr 304 | L25: 1500 | M25: mm | N25: Hot Rolled | R25: Mill Finish
A26: PDS - Shell & Tube HE | B26: Shell & Tube Heat Exchanger | C26: Thermosyphon - Reboiler | D26: Single Pass | E26: Trunion Pipe | F26: 1A10313512 | G26: Pipe | H26: 3A | I26: India | J26: IS 1239 | K26: Gr A | L26: 200 | M26: NB | N26: ERW | P26: IS 1239 | Q26: Class C
A27: PDS - Shell & Tube HE | B27: Shell & Tube Heat Exchanger | C27: Thermosyphon - Reboiler | D27: Single Pass | E27: Trunion Pad Plate | F27: 1A10119912 | G27: Plate | H27: 1A | I27: US | J27: ASTM A240 | K27: Gr 304 | L27: 1500 | M27: mm | N27: Hot Rolled | R27: Mill Finish
A28: PDS - Shell & Tube HE | B28: Shell & Tube Heat Exchanger | C28: Thermosyphon - Reboiler | D28: Single Pass | E28: Cover Plate | F28: 1A10110412 | G28: Plate | H28: 1A | I28: India | J28: IS 2062 | K28: Gr A | L28: 1500 | M28: mm | N28: Hot Rolled | R28: Mill Finish
A29: PDS - Shell & Tube HE | B29: Shell & Tube Heat Exchanger | C29: Thermosyphon - Reboiler | D29: Single Pass | E29: Name Plate Bracket | F29: 1A10113112 | G29: Plate | H29: 2C | I29: US | J29: ASTM A240 | K29: Gr 304 | L29: 1500 | M29: mm | N29: Hot Rolled | R29: Mill Finish
A30: PDS - Shell & Tube HE | B30: Shell & Tube Heat Exchanger | C30: Thermosyphon - Reboiler | D30: Single Pass | E30: Setting Bolt | F30: 1A11413912 | G30: Nut, Bolt & Washer | H30: 2B | I30: India | J30: IS 1367 | K30: Gr 8.8 | L30: M20 | M30: mm | N30: Hexagonal Type
A31: PDS - Shell & Tube HE | B31: Shell & Tube Heat Exchanger | C31: Thermosyphon - Reboiler | D31: Single Pass | E31: Lifting Lug | F31: 1A10113412 | G31: Plate | H31: 2A | I31: US | J31: ASTM A240 | K31: Gr 304 | L31: 1500 | M31: mm | N31: Hot Rolled | R31: Mill Finish

Sheet Reboiler + Cooler
A1: PDS Name | B1: Equipment Category | C1: Equipment Type | D1: Equipment Subtype | E1: Location Name | F1: Indent No | G1: Item Name | H1: Priority | I1: General Standard | J1: MOC Standard | K1: MOC Grade | L1: Item Size | M1: Item Unit | N1: Item Type | O1: Item Subtype | P1: Dimensional Standard | Q1: MOC Schedule/Class | R1: Item Finish
A2: PDS - Shell & Tube HE | B2: Shell & Tube Heat Exchanger | C2: Thermosyphon - Reboiler | D2: Single Pass | E2: Shell Plate | F2: 1A10110412 | G2: Plate | H2: 1A | I2: US | J2: ASTM A240 | K2: Gr 304 | L2: 1500 | M2: mm | N2: Hot Rolled | R2: Mill Finish
A3: PDS - Shell & Tube HE | B3: Shell & Tube Heat Exchanger | C3: Thermosyphon - Reboiler | D3: Single Pass | E3: Dishend | F3: 1A10110112 | G3: Plate | H3: 1A | I3: US | J3: ASTM A240 | K3: Gr 304 | L3: 1500 | M3: mm | N3: Hot Rolled | R3: Mill Finish
A4: PDS - Shell & Tube HE | B4: Shell & Tube Heat Exchanger | C4: Thermosyphon - Reboiler | D4: Single Pass | E4: Bonnet Shell | F4: 1A10114312 | G4: Plate | H4: 3A | I4: US | J4: ASTM A240 | K4: Gr 304 | L4: 1500 | M4: mm | N4: Hot Rolled | R4: Mill Finish
A5: PDS - Shell & Tube HE | B5: Shell & Tube Heat Exchanger | C5: Thermosyphon - Reboiler | D5: Single Pass | E5: Bonnet Shell | F5: 1A10114312 | G5: Plate | H5: 3A | I5: US | J5: ASTM A240 | K5: Gr 304 | L5: 1500 | M5: mm | N5: Hot Rolled | R5: Mill Finish
A6: PDS - Shell & Tube HE | B6: Shell & Tube Heat Exchanger | C6: Thermosyphon - Reboiler | D6: Single Pass | E6: Tubes | F6: 1A12316512 | G6: Tube | H6: 1A | I6: US | J6: ASTM A249 | K6: Gr 304 | L6: 38.1 | M6: mm | N6: Circular | O6: ERW | P6: ASTM A450 | R6: Mill Finish
A7: PDS - Shell & Tube HE | B7: Shell & Tube Heat Exchanger | C7: Thermosyphon - Reboiler | D7: Single Pass | E7: Tubesheet | F7: 1A12215912 | G7: Tubesheet | H7: 1B | I7: US | J7: ASTM A240 | K7: Gr 304 | M7: mm | N7: Circular
A8: PDS - Shell & Tube HE | B8: Shell & Tube Heat Exchanger | C8: Thermosyphon - Reboiler | D8: Single Pass | E8: Baffle Plate | F8: 1A10116012 | G8: Plate | H8: 1A | I8: US | J8: ASTM A240 | K8: Gr 304 | L8: 1500 | M8: mm | N8: Hot Rolled | R8: Mill Finish
A9: PDS - Shell & Tube HE | B9: Shell & Tube Heat Exchanger | C9: Thermosyphon - Reboiler | D9: Single Pass | E9: Tie Rod | F9: 1A12516212 | G9: Solid Bar | H9: 1C | I9: US | J9: AISI 304 | L9: 14 | M9: mm | N9: Round Bar
A10: PDS - Shell & Tube HE | B10: Shell & Tube Heat Exchanger | C10: Thermosyphon - Reboiler | D10: Single Pass | E10: Spacer Tube | F10: 1A12316112 | G10: Pipe | H10: 1C | I10: US | J10: AISI 304 | L10: 15 | M10: NB | N10: ERW | P10: ASME B36.10M | Q10: Sch 5S
A11: PDS - Shell & Tube HE | B11: Shell & Tube Heat Exchanger | C11: Thermosyphon - Reboiler | D11: Single Pass | E11: Hex Nut | F11: 1A11219712 | G11: Nut, Bolt & Washer | H11: 2C | I11: US | J11: AISI 304 | L11: M14 | M11: mm | N11: Hexagonal Type
A12: PDS - Shell & Tube HE | B12: Shell & Tube Heat Exchanger | C12: Thermosyphon - Reboiler | D12: Single Pass | E12: Lock Nut | F12: 1A11216712 | G12: Nut, Bolt & Washer | H12: 2C | I12: US | J12: AISI 304 | L12: M14 | M12: mm | N12: Hexagonal Type
A13: PDS - Shell & Tube HE | B13: Shell & Tube Heat Exchanger | C13: Thermosyphon - Reboiler | D13: Single Pass | E13: Body Flange Liner | F13: 1A10110912 | G13: Plate | H13: 1A | I13: US | J13: ASTM A240 | K13: Gr 304 | L13: 1500 | M13: mm | N13: Hot Rolled | R13: Mill Finish
A14: PDS - Shell & Tube HE | B14: Shell & Tube Heat Exchanger | C14: Thermosyphon - Reboiler | D14: Single Pass | E14: Body Flange | F14: 1A10210612 | G14: Flat - Plate | H14: 1B | I14: India | J14: IS 2062 | K14: Gr B | L14: 80 | M14: mm | N14: Hot Rolled | R14: Mill Finish
A15: PDS - Shell & Tube HE | B15: Shell & Tube Heat Exchanger | C15: Thermosyphon - Reboiler | D15: Single Pass | E15: Gasket - Body Flange | F15: 1A10810812 | G15: Gasket | H15: 2C | M15: mm | N15: NACF
A16: PDS - Shell & Tube HE | B16: Shell & Tube Heat Exchanger | C16: Thermosyphon - Reboiler | D16: Single Pass | E16: Nut Bolt & Washer - Body Flange | F16: 1A11410712 | G16: Nut, Bolt & Washer | H16: 3A | I16: India | J16: IS 1367 | K16: Gr 8.8 | L16: M24 | M16: mm | N16: Hexagonal Type
A17: PDS - Shell & Tube HE | B17: Shell & Tube Heat Exchanger | C17: Thermosyphon - Reboiler | D17: Single Pass | E17: Pad Plate For Lug Support | F17: 1A10134712 | G17: Plate | H17: 2A | I17: US | J17: ASTM A240 | K17: Gr 304 | L17: 1500 | M17: mm | N17: Hot Rolled | R17: Mill Finish
A18: PDS - Shell & Tube HE | B18: Shell & Tube Heat Exchanger | C18: Thermosyphon - Reboiler | D18: Single Pass | E18: Gusset Plate | F18: 1A10112912 | G18: Plate | H18: 2A | I18: India | J18: IS 2062 | K18: Gr A | L18: 1500 | M18: mm | N18: Hot Rolled | R18: Mill Finish
A19: PDS - Shell & Tube HE | B19: Shell & Tube Heat Exchanger | C19: Thermosyphon - Reboiler | D19: Single Pass | E19: Base Plate | F19: 1A10112812 | G19: Plate | H19: 1B | I19: India | J19: IS 2062 | K19: Gr A | L19: 1500 | M19: mm | N19: Hot Rolled | R19: Mill Finish
A20: PDS - Shell & Tube HE | B20: Shell & Tube Heat Exchanger | C20: Thermosyphon - Reboiler | D20: Single Pass | E20: Earthing Boss | F20: 1A12913712 | G20: Earthing Boss | H20: 3C | I20: India | J20: IS 2062 | K20: Gr A | L20: 40 x 40 x M12 | M20: mm
A21: PDS - Shell & Tube HE | B21: Shell & Tube Heat Exchanger | C21: Thermosyphon - Reboiler | D21: Single Pass | E21: Pad Plates For Lifting Lug | F21: 1A10118212 | G21: Plate | H21: 1A | I21: US | J21: ASTM A240 | K21: Gr 304 | L21: 1500 | M21: mm | N21: Hot Rolled | R21: Mill Finish
A22: PDS - Shell & Tube HE | B22: Shell & Tube Heat Exchanger | C22: Thermosyphon - Reboiler | D22: Single Pass | E22: Lifting Lug | F22: 1A10113414 | G22: Plate | H22: 2A | I22: US | J22: ASTM A240 | K22: Gr 304 | L22: 1500 | M22: mm | N22: Hot Rolled | R22: Mill Finish
A23: PDS - Shell & Tube HE | B23: Shell & Tube Heat Exchanger | C23: Thermosyphon - Reboiler | D23: Single Pass | E23: Trunion Pipe | F23: 1A10313512 | G23: Pipe | H23: 3A | I23: India | J23: IS 1239 | K23: Gr A | L23: 200 | M23: NB | N23: ERW | P23: IS 1239 | Q23: Class C
A24: PDS - Shell & Tube HE | B24: Shell & Tube Heat Exchanger | C24: Thermosyphon - Reboiler | D24: Single Pass | E24: Trunion Pad Plate | F24: 1A10119912 | G24: Plate | H24: 1A | I24: US | J24: ASTM A240 | K24: Gr 304 | L24: 1500 | M24: mm | N24: Hot Rolled | R24: Mill Finish
A25: PDS - Shell & Tube HE | B25: Shell & Tube Heat Exchanger | C25: Thermosyphon - Reboiler | D25: Single Pass | E25: Cover Plate | F25: 1A10110412 | G25: Plate | H25: 1A | I25: India | J25: IS 2062 | K25: Gr A | L25: 1500 | M25: mm | N25: Hot Rolled | R25: Mill Finish
A26: PDS - Shell & Tube HE | B26: Shell & Tube Heat Exchanger | C26: Thermosyphon - Reboiler | D26: Single Pass | E26: Name Plate Bracket | F26: 1A10113112 | G26: Plate | H26: 2C | I26: US | J26: ASTM A240 | K26: Gr 304 | L26: 1500 | M26: mm | N26: Hot Rolled | R26: Mill Finish
A27: PDS - Shell & Tube HE | B27: Shell & Tube Heat Exchanger | C27: Thermosyphon - Reboiler | D27: Single Pass | E27: Setting Bolt | F27: 1A11413912 | G27: Nut, Bolt & Washer | H27: 2B | I27: India | J27: IS 1367 | K27: Gr 8.8 | L27: M20 | M27: mm | N27: Hexagonal Type

Sheet Super-Heater
A1: PDS Name | B1: Equipment Category | C1: Equipment Type | D1: Equipment Subtype | E1: Location Name | F1: Indent No | G1: Item Name | H1: Priority | I1: General Standard | J1: MOC Standard | K1: MOC Grade | L1: Item Size | M1: Item Unit | N1: Item Type | O1: Item Subtype | P1: Dimensional Standard | Q1: MOC Schedule/Class | R1: Item Finish
A2: PDS - Shell & Tube HE | B2: Shell & Tube Heat Exchanger | C2: Superheater | D2: Single Pass | E2: Shell Plate | F2: 1A10110412 | G2: Plate | H2: 1A | I2: US | J2: ASTM A240 | K2: Gr 304 | L2: 1500 | M2: mm | N2: Hot Rolled | R2: Mill Finish
A3: PDS - Shell & Tube HE | B3: Shell & Tube Heat Exchanger | C3: Superheater | D3: Single Pass | E3: Cone | F3: 1A10110212 | G3: Plate | H3: 1A | I3: US | J3: ASTM A240 | K3: Gr 304 | L3: 1500 | M3: mm | N3: Hot Rolled | R3: Mill Finish
A4: PDS - Shell & Tube HE | B4: Shell & Tube Heat Exchanger | C4: Superheater | D4: Single Pass | E4: Bonnet Shell | F4: 1A10114312 | G4: Plate | H4: 3A | I4: US | J4: ASTM A240 | K4: Gr 304 | L4: 1500 | M4: mm | N4: Hot Rolled | R4: Mill Finish
A5: PDS - Shell & Tube HE | B5: Shell & Tube Heat Exchanger | C5: Superheater | D5: Single Pass | E5: Bonnet Shell | F5: 1A10114312 | G5: Plate | H5: 3A | I5: US | J5: ASTM A240 | K5: Gr 304 | L5: 1500 | M5: mm | N5: Hot Rolled | R5: Mill Finish
A6: PDS - Shell & Tube HE | B6: Shell & Tube Heat Exchanger | C6: Superheater | D6: Single Pass | E6: Tubes | F6: 1A12316512 | G6: Tube | H6: 1A | I6: US | J6: ASTM A249 | K6: Gr 304 | L6: 19.05 | M6: mm | N6: Circular | O6: ERW | P6: ASTM A450 | R6: Mill Finish
A7: PDS - Shell & Tube HE | B7: Shell & Tube Heat Exchanger | C7: Superheater | D7: Single Pass | E7: Tubesheet | F7: 1A12215912 | G7: Tubesheet | H7: 1B | I7: US | J7: ASTM A240 | K7: Gr 304 | M7: mm | N7: Circular
A8: PDS - Shell & Tube HE | B8: Shell & Tube Heat Exchanger | C8: Superheater | D8: Single Pass | E8: Baffle Plate | F8: 1A10116012 | G8: Plate | H8: 1A | I8: US | J8: ASTM A240 | K8: Gr 304 | L8: 1500 | M8: mm | N8: Hot Rolled | R8: Mill Finish
A9: PDS - Shell & Tube HE | B9: Shell & Tube Heat Exchanger | C9: Superheater | D9: Single Pass | E9: Tie Rod | F9: 1A12516212 | G9: Solid Bar | H9: 1C | I9: US | J9: AISI 304 | L9: 14 | M9: mm | N9: Round Bar
A10: PDS - Shell & Tube HE | B10: Shell & Tube Heat Exchanger | C10: Superheater | D10: Single Pass | E10: Spacer Tube | F10: 1A12316112 | G10: Pipe | H10: 1C | I10: US | J10: AISI 304 | L10: 15 | M10: NB | N10: ERW | P10: ASME B36.10M | Q10: Sch 5S
A11: PDS - Shell & Tube HE | B11: Shell & Tube Heat Exchanger | C11: Superheater | D11: Single Pass | E11: Hex Nut | F11: 1A11219712 | G11: Nut, Bolt & Washer | H11: 2C | I11: US | J11: AISI 304 | L11: M14 | M11: mm | N11: Hexagonal Type
A12: PDS - Shell & Tube HE | B12: Shell & Tube Heat Exchanger | C12: Superheater | D12: Single Pass | E12: Lock Nut | F12: 1A11216712 | G12: Nut, Bolt & Washer | H12: 2C | I12: US | J12: AISI 304 | L12: M14 | M12: mm | N12: Hexagonal Type
A13: PDS - Shell & Tube HE | B13: Shell & Tube Heat Exchanger | C13: Superheater | D13: Single Pass | E13: Body Flange Liner | F13: 1A10110912 | G13: Plate | H13: 1A | I13: US | J13: ASTM A240 | K13: Gr 304 | L13: 1500 | M13: mm | N13: Hot Rolled | R13: Mill Finish
A14: PDS - Shell & Tube HE | B14: Shell & Tube Heat Exchanger | C14: Superheater | D14: Single Pass | E14: Body Flange | F14: 1A10210612 | G14: Flat - Plate | H14: 1B | I14: India | J14: IS 2062 | K14: Gr B | L14: 80 | M14: mm | N14: Hot Rolled | R14: Mill Finish
A15: PDS - Shell & Tube HE | B15: Shell & Tube Heat Exchanger | C15: Superheater | D15: Single Pass | E15: Gasket - Body Flange | F15: 1A10810812 | G15: Gasket | H15: 2C | M15: mm | N15: NACF
A16: PDS - Shell & Tube HE | B16: Shell & Tube Heat Exchanger | C16: Superheater | D16: Single Pass | E16: Nut Bolt & Washer - Body Flange | F16: 1A11410712 | G16: Nut, Bolt & Washer | H16: 3A | I16: India | J16: IS 1367 | K16: Gr 8.8 | L16: M24 | M16: mm | N16: Hexagonal Type
A17: PDS - Shell & Tube HE | B17: Shell & Tube Heat Exchanger | C17: Superheater | D17: Single Pass | E17: Pad Plate For Lug Support | F17: 1A10134712 | G17: Plate | H17: 2A | I17: US | J17: ASTM A240 | K17: Gr 304 | L17: 1500 | M17: mm | N17: Hot Rolled | R17: Mill Finish
A18: PDS - Shell & Tube HE | B18: Shell & Tube Heat Exchanger | C18: Superheater | D18: Single Pass | E18: Gusset Plate | F18: 1A10112912 | G18: Plate | H18: 2A | I18: India | J18: IS 2062 | K18: Gr A | L18: 1500 | M18: mm | N18: Hot Rolled | R18: Mill Finish
A19: PDS - Shell & Tube HE | B19: Shell & Tube Heat Exchanger | C19: Superheater | D19: Single Pass | E19: Base Plate | F19: 1A10112812 | G19: Plate | H19: 1B | I19: India | J19: IS 2062 | K19: Gr A | L19: 1500 | M19: mm | N19: Hot Rolled | R19: Mill Finish
A20: PDS - Shell & Tube HE | B20: Shell & Tube Heat Exchanger | C20: Superheater | D20: Single Pass | E20: Earthing Boss | F20: 1A12913712 | G20: Earthing Boss | H20: 3C | I20: India | J20: IS 2062 | K20: Gr A | L20: 40 x 40 x M12 | M20: mm
A21: PDS - Shell & Tube HE | B21: Shell & Tube Heat Exchanger | C21: Superheater | D21: Single Pass | E21: Name Plate Bracket | F21: 1A10113112 | G21: Plate | H21: 2C | I21: US | J21: ASTM A240 | K21: Gr 304 | L21: 1500 | M21: mm | N21: Hot Rolled | R21: Mill Finish
A22: PDS - Shell & Tube HE | B22: Shell & Tube Heat Exchanger | C22: Superheater | D22: Single Pass | E22: Pad Plates For Lifting Lug | F22: 1A10118212 | G22: Plate | H22: 1A | I22: US | J22: ASTM A240 | K22: Gr 304 | L22: 1500 | M22: mm | N22: Hot Rolled | R22: Mill Finish
A23: PDS - Shell & Tube HE | B23: Shell & Tube Heat Exchanger | C23: Superheater | D23: Single Pass | E23: Lifting Lug | F23: 1A10113414 | G23: Plate | H23: 2A | I23: US | J23: ASTM A240 | K23: Gr 304 | L23: 1500 | M23: mm | N23: Hot Rolled | R23: Mill Finish
A24: PDS - Shell & Tube HE | B24: Shell & Tube Heat Exchanger | C24: Superheater | D24: Single Pass | E24: Setting Bolt | F24: 1A11413912 | G24: Nut, Bolt & Washer | H24: 2B | I24: India | J24: IS 1367 | K24: Gr 8.8 | L24: M20 | M24: mm | N24: Hexagonal Type
A25: PDS - Shell & Tube HE | B25: Shell & Tube Heat Exchanger | C25: Superheater | D25: Single Pass | E25: Plate For Bellow Shell
A26: PDS - Shell & Tube HE | B26: Shell & Tube Heat Exchanger | C26: Superheater | D26: Single Pass | E26: Strip For Bellow
A27: PDS - Shell & Tube HE | B27: Shell & Tube Heat Exchanger | C27: Superheater | D27: Single Pass | E27: Plate for Bellow

Sheet Forced Evaporator 
A1: PDS Name | B1: Equipment Category | C1: Equipment Type | D1: Equipment Subtype | E1: Location Name | F1: Indent No | G1: Item Name | H1: Priority | I1: General Standard | J1: MOC Standard | K1: MOC Grade | L1: Item Size | M1: Item Unit | N1: Item Type | O1: Item Subtype | P1: Dimensional Standard | Q1: MOC Schedule/Class | R1: Item Finish
A2: PDS - Shell & Tube HE | B2: Shell & Tube Heat Exchanger | C2: Forced Circulation Evaporator | D2: Four Pass | E2: Shell Plate | F2: 1A10110412 | G2: Plate | H2: 1A | I2: US | J2: ASTM A240 | K2: Gr 304 | L2: 1500 | M2: mm | N2: Hot Rolled | R2: Mill Finish
A3: PDS - Shell & Tube HE | B3: Shell & Tube Heat Exchanger | C3: Forced Circulation Evaporator | D3: Four Pass | E3: Blind Flange | F3: 1A10621912 | G3: Plate | H3: 2C | I3: India | J3: IS 2062 | K3: Gr B | M3: mm | N3: Hot Rolled | R3: Mill Finish
A4: PDS - Shell & Tube HE | B4: Shell & Tube Heat Exchanger | C4: Forced Circulation Evaporator | D4: Four Pass | E4: Bonnet Shell | F4: 1A10114312 | G4: Plate | H4: 3A | I4: US | J4: ASTM A240 | K4: Gr 304 | L4: 1500 | M4: mm | N4: Hot Rolled | R4: Mill Finish
A5: PDS - Shell & Tube HE | B5: Shell & Tube Heat Exchanger | C5: Forced Circulation Evaporator | D5: Four Pass | E5: Bonnet Shell | F5: 1A10114312 | G5: Plate | H5: 3A | I5: US | J5: ASTM A240 | K5: Gr 304 | L5: 1500 | M5: mm | N5: Hot Rolled | R5: Mill Finish
A6: PDS - Shell & Tube HE | B6: Shell & Tube Heat Exchanger | C6: Forced Circulation Evaporator | D6: Four Pass | E6: Blind Flange Liner | F6: 1A10118612 | G6: Plate | H6: 1A | I6: US | J6: ASTM A240 | K6: Gr 304 | L6: 1500 | M6: mm | N6: Hot Rolled | R6: Mill Finish
A7: PDS - Shell & Tube HE | B7: Shell & Tube Heat Exchanger | C7: Forced Circulation Evaporator | D7: Four Pass | E7: Body Flange Flat | F7: 1A10210612 | G7: Flat - Plate | H7: 1B | I7: India | J7: IS 2062 | K7: Gr B | L7: 75 | M7: mm | N7: Hot Rolled | R7: Mill Finish
A8: PDS - Shell & Tube HE | B8: Shell & Tube Heat Exchanger | C8: Forced Circulation Evaporator | D8: Four Pass | E8: Body Flange Liner | F8: 1A10110912 | G8: Plate | H8: 1A | I8: US | J8: ASTM A240 | K8: Gr 304 | L8: 1500 | M8: mm | N8: Hot Rolled | R8: Mill Finish
A9: PDS - Shell & Tube HE | B9: Shell & Tube Heat Exchanger | C9: Forced Circulation Evaporator | D9: Four Pass | E9: Gasket - Body Flange | F9: 1A10810812 | G9: Gasket | H9: 2C | M9: mm | N9: NACF
A10: PDS - Shell & Tube HE | B10: Shell & Tube Heat Exchanger | C10: Forced Circulation Evaporator | D10: Four Pass | E10: Tubesheet | F10: 1A12215912 | G10: Tubesheet | H10: 1B | I10: US | J10: ASTM A240 | K10: Gr 304 | M10: mm | N10: Circular
A11: PDS - Shell & Tube HE | B11: Shell & Tube Heat Exchanger | C11: Forced Circulation Evaporator | D11: Four Pass | E11: Nut Bolt & Washer - Body Flange | F11: 1A11410712 | G11: Nut, Bolt & Washer | H11: 3A | I11: India | J11: IS 1367 | K11: Gr 8.8 | L11: M20 | M11: mm | N11: Hexagonal Type
A12: PDS - Shell & Tube HE | B12: Shell & Tube Heat Exchanger | C12: Forced Circulation Evaporator | D12: Four Pass | E12: Tubes | F12: 1A12316512 | G12: Tube | H12: 1A | I12: US | J12: ASTM A249 | K12: Gr 316L | L12: 38.1 | M12: mm | N12: Circular | O12: ERW | R12: Mill Finish
A13: PDS - Shell & Tube HE | B13: Shell & Tube Heat Exchanger | C13: Forced Circulation Evaporator | D13: Four Pass | E13: Baffle Plate | F13: 1A10116012 | G13: Plate | H13: 1A | I13: US | J13: ASTM A240 | K13: Gr 304 | L13: 1500 | M13: mm | N13: Hot Rolled | R13: Mill Finish
A14: PDS - Shell & Tube HE | B14: Shell & Tube Heat Exchanger | C14: Forced Circulation Evaporator | D14: Four Pass | E14: Tie Rod | F14: 1A12516212 | G14: Solid Bar | H14: 1C | I14: US | J14: AISI 304 | L14: 12 | M14: mm | N14: Round Bar
A15: PDS - Shell & Tube HE | B15: Shell & Tube Heat Exchanger | C15: Forced Circulation Evaporator | D15: Four Pass | E15: Spacer Tube | F15: 1A12316112 | G15: Pipe | H15: 1C | I15: US | J15: AISI 304 | L15: 10 | M15: NB | N15: ERW | P15: ASME B36.10M | Q15: Sch 5S
A16: PDS - Shell & Tube HE | B16: Shell & Tube Heat Exchanger | C16: Forced Circulation Evaporator | D16: Four Pass | E16: Hex Nut | F16: 1A11219712 | G16: Nut | H16: 2C | I16: US | J16: AISI 304 | L16: M12 | M16: mm | N16: Hex Nut
E17: Lock Nut | F17: 1A11216712 | G17: Nut | H17: 2C | I17: US | J17: AISI 304 | L17: M12 | M17: mm | N17: Hex Nut
A18: PDS - Shell & Tube HE | B18: Shell & Tube Heat Exchanger | C18: Forced Circulation Evaporator | D18: Four Pass | E18: Trunion Pad Plate | F18: 1A10119912 | G18: Plate | H18: 1A | I18: US | J18: ASTM A240 | K18: Gr 304 | L18: 1500 | M18: mm | N18: Hot Rolled | R18: Mill Finish
A19: PDS - Shell & Tube HE | B19: Shell & Tube Heat Exchanger | C19: Forced Circulation Evaporator | D19: Four Pass | E19: Trunion Pipe | F19: 1A10313512 | G19: Pipe | H19: 3A | I19: India | J19: IS 1239 | K19: Part I | L19: 150 | M19: NB | N19: ERW | P19: IS 1239 | Q19: Class C
A20: PDS - Shell & Tube HE | B20: Shell & Tube Heat Exchanger | C20: Forced Circulation Evaporator | D20: Four Pass | E20: Trunion Closer Plate | F20: 1A10113612 | G20: Plate | H20: 1B | I20: India | J20: IS 2062 | K20: Gr A | L20: 1500 | M20: mm | N20: Hot Rolled | R20: Mill Finish
A21: PDS - Shell & Tube HE | B21: Shell & Tube Heat Exchanger | C21: Forced Circulation Evaporator | D21: Four Pass | E21: Name Plate Bracket | F21: 1A10113112 | G21: Plate | H21: 2C | I21: US | J21: ASTM A240 | K21: Gr 304 | L21: 1500 | M21: mm | N21: Hot Rolled | R21: Mill Finish
A22: PDS - Shell & Tube HE | B22: Shell & Tube Heat Exchanger | C22: Forced Circulation Evaporator | D22: Four Pass | E22: Pad Plates For Lifting Lug | F22: 1A10118212 | G22: Plate | H22: 1A | I22: US | J22: ASTM A240 | K22: Gr 304 | L22: 1500 | M22: mm | N22: Hot Rolled | R22: Mill Finish
A23: PDS - Shell & Tube HE | B23: Shell & Tube Heat Exchanger | C23: Forced Circulation Evaporator | D23: Four Pass | E23: Lifting Lug | F23: 1A10113412 | G23: Plate | H23: 2A | I23: India | J23: IS 2062 | K23: Gr A | L23: 1500 | M23: mm | N23: Hot Rolled | R23: Mill Finish
A24: PDS - Shell & Tube HE | B24: Shell & Tube Heat Exchanger | C24: Forced Circulation Evaporator | D24: Four Pass | E24: Earthing Boss | F24: 1A12913712 | G24: Earthing Boss | H24: 3C | I24: India | J24: IS 2062 | L24: 40 x 40 x M12 | M24: mm
A25: PDS - Shell & Tube HE | B25: Shell & Tube Heat Exchanger | C25: Forced Circulation Evaporator | D25: Four Pass | E25: External Stiffner | F25: 1A10210312 | G25: Flat - Plate | H25: 1B | I25: US | J25: ASTM A240 | K25: Gr 304 | L25: 50 | M25: mm | N25: Hot Rolled | R25: Mill Finish
A26: PDS - Shell & Tube HE | B26: Shell & Tube Heat Exchanger | C26: Forced Circulation Evaporator | D26: Four Pass | E26: Partition Plate | F26: 1A10117112 | G26: Plate | H26: 1A | I26: US | J26: ASTM A240 | K26: Gr 304 | L26: 1500 | M26: mm | N26: Hot Rolled | R26: Mill Finish
A27: PDS - Shell & Tube HE | B27: Shell & Tube Heat Exchanger | C27: Forced Circulation Evaporator | D27: Four Pass | E27: Partition Plate | F27: 1A10117112 | G27: Plate | H27: 1A | I27: US | J27: ASTM A240 | K27: Gr 304 | L27: 1500 | M27: mm | N27: Hot Rolled | R27: Mill Finish
A28: PDS - Shell & Tube HE | B28: Shell & Tube Heat Exchanger | C28: Forced Circulation Evaporator | D28: Four Pass | E28: Partition Plate | F28: 1A10117112 | G28: Plate | H28: 1A | I28: US | J28: ASTM A240 | K28: Gr 304 | L28: 1500 | M28: mm | N28: Hot Rolled | R28: Mill Finish
A29: PDS - Shell & Tube HE | B29: Shell & Tube Heat Exchanger | C29: Forced Circulation Evaporator | D29: Four Pass | E29: C - Type Gasket | F29: 1A10819312 | G29: Gasket | H29: 2C | M29: mm | N29: NACF
A30: PDS - Shell & Tube HE | B30: Shell & Tube Heat Exchanger | C30: Forced Circulation Evaporator | D30: Four Pass | E30: Lifting Lug | F30: 1A10113412 | G30: Plate | H30: 2A | I30: India | J30: IS 2062 | K30: Gr A | L30: 1500 | M30: mm | N30: Hot Rolled | R30: Mill Finish
A31: PDS - Shell & Tube HE | B31: Shell & Tube Heat Exchanger | C31: Forced Circulation Evaporator | D31: Four Pass | E31: Lifting Lug | F31: 1A10113412 | G31: Plate | H31: 2A | I31: US | J31: ASTM A240 | K31: Gr 304 | L31: 1500 | M31: mm | N31: Hot Rolled | R31: Mill Finish
A32: PDS - Shell & Tube HE | B32: Shell & Tube Heat Exchanger | C32: Forced Circulation Evaporator | D32: Four Pass | E32: Pad Plate For Support Ring | F32: 1A10134812 | G32: Plate | H32: 2A | I32: US | J32: ASTM A240 | K32: Gr 304 | L32: 1500 | M32: mm | N32: Hot Rolled | R32: Mill Finish
A33: PDS - Shell & Tube HE | B33: Shell & Tube Heat Exchanger | C33: Forced Circulation Evaporator | D33: Four Pass | E33: Gusset Plate | F33: 1A10112912 | G33: Plate | H33: 2A | I33: US | J33: ASTM A240 | K33: Gr 304 | L33: 1500 | M33: mm | N33: Hot Rolled | R33: Mill Finish
A34: PDS - Shell & Tube HE | B34: Shell & Tube Heat Exchanger | C34: Forced Circulation Evaporator | D34: Four Pass | E34: Top Support Ring | F34: 1A10120612 | G34: Plate | H34: 2A | I34: India | J34: IS 2062 | K34: Gr A | L34: 1500 | M34: mm | N34: Hot Rolled | R34: Mill Finish
A35: PDS - Shell & Tube HE | B35: Shell & Tube Heat Exchanger | C35: Forced Circulation Evaporator | D35: Four Pass | E35: Bottom Support Ring | F35: 1A10120712 | G35: Plate | H35: 2A | I35: India | J35: IS 2062 | K35: Gr A | L35: 1500 | M35: mm | N35: Hot Rolled | R35: Mill Finish
A36: PDS - Shell & Tube HE | B36: Shell & Tube Heat Exchanger | C36: Forced Circulation Evaporator | D36: Four Pass | E36: Setting Bolt | F36: 1A11413912 | G36: Nut, Bolt & Washer | H36: 2B | I36: India | J36: IS 1367 | K36: Gr 8.8 | L36: M24 | M36: mm | N36: Hexagonal Type

Sheet FF Evaporator
A1: PDS Name | B1: Equipment Category | C1: Equipment Type | D1: Equipment Subtype | E1: Location Name | F1: Indent No | G1: Item Name | H1: Priority | I1: General Standard | J1: MOC Standard | K1: MOC Grade | L1: Item Size | M1: Item Unit | N1: Item Type | O1: Item Subtype | P1: Dimensional Standard | Q1: MOC Schedule/Class | R1: Item Finish
A2: PDS - Shell & Tube HE | B2: Shell & Tube Heat Exchanger | C2: Falling Film Evaporator | D2: Single Pass | E2: Shell Plate | F2: 1A10110412 | G2: Plate | H2: 1A | I2: US | J2: ASTM A240 | K2: Gr 304 | L2: 1500 | M2: mm | N2: Hot Rolled | R2: Mill Finish
A3: PDS - Shell & Tube HE | B3: Shell & Tube Heat Exchanger | C3: Falling Film Evaporator | D3: Single Pass | E3: Dishend | F3: 1A10110112 | G3: Plate | H3: 1A | I3: US | J3: ASTM A240 | K3: Gr 304 | L3: 1500 | M3: mm | N3: Hot Rolled | R3: Mill Finish
A4: PDS - Shell & Tube HE | B4: Shell & Tube Heat Exchanger | C4: Falling Film Evaporator | D4: Single Pass | E4: Bonnet Shell | F4: 1A10114312 | G4: Plate | H4: 3A | I4: US | J4: ASTM A240 | K4: Gr 304 | L4: 1500 | M4: mm | N4: Hot Rolled | R4: Mill Finish
A5: PDS - Shell & Tube HE | B5: Shell & Tube Heat Exchanger | C5: Falling Film Evaporator | D5: Single Pass | E5: Bonnet Shell | F5: 1A10114312 | G5: Plate | H5: 3A | I5: US | J5: ASTM A240 | K5: Gr 304 | L5: 1500 | M5: mm | N5: Hot Rolled | R5: Mill Finish
A6: PDS - Shell & Tube HE | B6: Shell & Tube Heat Exchanger | C6: Falling Film Evaporator | D6: Single Pass | E6: Body Flange Flat | F6: 1A10210612 | G6: Flat - Plate | H6: 1B | I6: India | J6: IS 2062 | K6: Gr A | L6: 75 | M6: mm | N6: Hot Rolled | R6: Mill Finish
A7: PDS - Shell & Tube HE | B7: Shell & Tube Heat Exchanger | C7: Falling Film Evaporator | D7: Single Pass | E7: Body Flange Liner | F7: 1A10110912 | G7: Plate | H7: 1A | I7: US | J7: ASTM A240 | K7: Gr 304 | L7: 1500 | M7: mm | N7: Hot Rolled | R7: Mill Finish
A8: PDS - Shell & Tube HE | B8: Shell & Tube Heat Exchanger | C8: Falling Film Evaporator | D8: Single Pass | E8: Gasket - Body Flange | F8: 1A10810812 | G8: Gasket | H8: 2C | M8: mm | N8: NACF
A9: PDS - Shell & Tube HE | B9: Shell & Tube Heat Exchanger | C9: Falling Film Evaporator | D9: Single Pass | E9: Tubesheet | F9: 1A12215912 | G9: Tubesheet | H9: 1B | I9: US | J9: ASTM A240 | K9: Gr 304 | M9: mm | N9: Circular
A10: PDS - Shell & Tube HE | B10: Shell & Tube Heat Exchanger | C10: Falling Film Evaporator | D10: Single Pass | E10: Nut Bolt & Washer - Body Flange | F10: 1A11410712 | G10: Nut, Bolt & Washer | H10: 3A | I10: India | J10: IS 1367 | K10: Gr 8.8 | L10: M20 | M10: mm | N10: Hexagonal Type
A11: PDS - Shell & Tube HE | B11: Shell & Tube Heat Exchanger | C11: Falling Film Evaporator | D11: Single Pass | E11: Tubes | F11: 1A12316512 | G11: Tube | H11: 1A | I11: US | J11: ASTM A249 | K11: Gr 304 | L11: 50.8 | M11: mm | N11: Circular | O11: ERW | R11: Mill Finish
A12: PDS - Shell & Tube HE | B12: Shell & Tube Heat Exchanger | C12: Falling Film Evaporator | D12: Single Pass | E12: Baffle Plate | F12: 1A10116012 | G12: Plate | H12: 1A | I12: US | J12: ASTM A240 | K12: Gr 304 | L12: 1500 | M12: mm | N12: Hot Rolled | R12: Mill Finish
A13: PDS - Shell & Tube HE | B13: Shell & Tube Heat Exchanger | C13: Falling Film Evaporator | D13: Single Pass | E13: Tie Rod | F13: 1A12516212 | G13: Solid Bar | H13: 1C | I13: US | J13: AISI 304 | L13: 12 | M13: mm | N13: Round Bar
A14: PDS - Shell & Tube HE | B14: Shell & Tube Heat Exchanger | C14: Falling Film Evaporator | D14: Single Pass | E14: Spacer Tube | F14: 1A12316112 | G14: Pipe | H14: 1C | I14: US | J14: AISI 304 | L14: 10 | M14: NB | N14: ERW | P14: ASME B36.10M | Q14: Sch 5S
A15: PDS - Shell & Tube HE | B15: Shell & Tube Heat Exchanger | C15: Falling Film Evaporator | D15: Single Pass | E15: Hex Nut | F15: 1A11219712 | G15: Nut | H15: 2C | I15: US | J15: AISI 304 | L15: M12 | M15: mm | N15: Hex Nut
A16: PDS - Shell & Tube HE | B16: Shell & Tube Heat Exchanger | C16: Falling Film Evaporator | D16: Single Pass | E16: Lock Nut | F16: 1A11216712 | G16: Nut | H16: 2C | I16: US | J16: AISI 304 | L16: M12 | M16: mm | N16: Lock Nut | P16: ASME B18.2
A17: PDS - Shell & Tube HE | B17: Shell & Tube Heat Exchanger | C17: Falling Film Evaporator | D17: Single Pass | E17: Bonnet Shell | F17: 1A10114312 | G17: Plate | H17: 3A | I17: US | J17: ASTM A240 | K17: Gr 304 | L17: 1500 | M17: mm | N17: Hot Rolled | R17: Mill Finish
A18: PDS - Shell & Tube HE | B18: Shell & Tube Heat Exchanger | C18: Falling Film Evaporator | D18: Single Pass | E18: Trunion Pad Plate | F18: 1A10119912 | G18: Plate | H18: 1A | I18: US | J18: ASTM A240 | K18: Gr 304 | L18: 1500 | M18: mm | N18: Hot Rolled | R18: Mill Finish
A19: PDS - Shell & Tube HE | B19: Shell & Tube Heat Exchanger | C19: Falling Film Evaporator | D19: Single Pass | E19: Trunion Pad Plate | F19: 1A10119912 | G19: Plate | H19: 1A | I19: India | J19: IS 2062 | K19: Gr A | L19: 1500 | M19: mm | N19: Hot Rolled | R19: Mill Finish
A20: PDS - Shell & Tube HE | B20: Shell & Tube Heat Exchanger | C20: Falling Film Evaporator | D20: Single Pass | E20: Trunion Pipe | F20: 1A10313512 | G20: Pipe | H20: 3A | I20: India | J20: IS 1239 | K20: Part I | L20: 150 | M20: NB | N20: ERW | P20: IS 1239 | Q20: Class C
A21: PDS - Shell & Tube HE | B21: Shell & Tube Heat Exchanger | C21: Falling Film Evaporator | D21: Single Pass | E21: Trunion Closer Plate | F21: 1A10113612 | G21: Plate | H21: 1B | I21: India | J21: IS 2062 | K21: Gr A | L21: 1500 | M21: mm | N21: Hot Rolled | R21: Mill Finish
A22: PDS - Shell & Tube HE | B22: Shell & Tube Heat Exchanger | C22: Falling Film Evaporator | D22: Single Pass | E22: Name Plate Bracket | F22: 1A10113112 | G22: Plate | H22: 2C | I22: US | J22: ASTM A240 | K22: Gr 304 | L22: 1500 | M22: mm | N22: Hot Rolled | R22: Mill Finish
A23: PDS - Shell & Tube HE | B23: Shell & Tube Heat Exchanger | C23: Falling Film Evaporator | D23: Single Pass | E23: Pad Plates For Lifting Lug | F23: 1A10118212 | G23: Plate | H23: 1A | I23: US | J23: ASTM A240 | K23: Gr 304 | L23: 1500 | M23: mm | N23: Hot Rolled | R23: Mill Finish
A24: PDS - Shell & Tube HE | B24: Shell & Tube Heat Exchanger | C24: Falling Film Evaporator | D24: Single Pass | E24: Lifting Lug | F24: 1A10113412 | G24: Plate | H24: 2A | I24: India | J24: IS 2062 | K24: Gr A | L24: 1500 | M24: mm | N24: Hot Rolled | R24: Mill Finish
A25: PDS - Shell & Tube HE | B25: Shell & Tube Heat Exchanger | C25: Falling Film Evaporator | D25: Single Pass | E25: Earthing Boss | F25: 1A12913712 | G25: Earthing Boss | H25: 3C | I25: India | J25: IS 2062 | L25: 40 x 40 x M12 | M25: mm
A26: PDS - Shell & Tube HE | B26: Shell & Tube Heat Exchanger | C26: Falling Film Evaporator | D26: Single Pass | E26: External Stiffner | F26: 1A10210312 | G26: Flat - Plate | H26: 1B | I26: US | J26: ASTM A240 | K26: Gr 304 | L26: 50 | M26: mm | N26: Hot Rolled | R26: Mill Finish
A27: PDS - Shell & Tube HE | B27: Shell & Tube Heat Exchanger | C27: Falling Film Evaporator | D27: Single Pass | E27: Locating Pins | F27: 1A13517012 | G27: Locating Pins | H27: 1A | I27: US | J27: AISI 304 | L27: 25 | M27: mm
A28: PDS - Shell & Tube HE | B28: Shell & Tube Heat Exchanger | C28: Falling Film Evaporator | D28: Single Pass | E28: Vapor Tube | F28: 1A12316612 | G28: Tube | H28: 2C | I28: US | J28: ASTM A249 | K28: Gr 304 | L28: 38.1 | M28: mm | N28: Circular | O28: ERW | R28: Mill Finish
A29: PDS - Shell & Tube HE | B29: Shell & Tube Heat Exchanger | C29: Falling Film Evaporator | D29: Single Pass | E29: Distribution Plate | F29: 1A10116912 | G29: Plate | H29: 1A | I29: US | J29: ASTM A240 | K29: Gr 304 | L29: 1500 | M29: mm | N29: Hot Rolled | R29: Mill Finish
A30: PDS - Shell & Tube HE | B30: Shell & Tube Heat Exchanger | C30: Falling Film Evaporator | D30: Single Pass | E30: Flat For Distribution Plate | F30: 1A10235212 | G30: Plate | H30: 2A | I30: US | J30: ASTM A240 | K30: Gr 304 | L30: 1500 | M30: mm | N30: Hot Rolled | R30: Mill Finish
A31: PDS - Shell & Tube HE | B31: Shell & Tube Heat Exchanger | C31: Falling Film Evaporator | D31: Single Pass | E31: C - Type Gasket | F31: 1A10819312 | G31: Gasket | H31: 2C | M31: mm | N31: EPDM
A32: PDS - Shell & Tube HE | B32: Shell & Tube Heat Exchanger | C32: Falling Film Evaporator | D32: Single Pass | E32: Hex Nut | F32: 1A11219712 | G32: Nut | H32: 2C | I32: US | J32: AISI 304 | L32: M12 | M32: mm | N32: Hex Nut | P32: ASME B18.2
A33: PDS - Shell & Tube HE | B33: Shell & Tube Heat Exchanger | C33: Falling Film Evaporator | D33: Single Pass | E33: Lock Nut | F33: 1A11216712 | G33: Nut | H33: 2C | I33: US | J33: AISI 304 | L33: M12 | M33: mm
A34: PDS - Shell & Tube HE | B34: Shell & Tube Heat Exchanger | C34: Falling Film Evaporator | D34: Single Pass | E34: Eye Bolt | F34: 1A11316812 | G34: Solid Bar | H34: 2C | I34: US | J34: AISI 304 | L34: 12 | M34: mm | N34: Round Bar
A35: PDS - Shell & Tube HE | B35: Shell & Tube Heat Exchanger | C35: Falling Film Evaporator | D35: Single Pass | E35: Hex Nut | F35: 1A11219712 | G35: Nut | H35: 2C | I35: US | J35: AISI 304 | L35: M12 | M35: mm | N35: Hex Nut | P35: ASME B18.2
A36: PDS - Shell & Tube HE | B36: Shell & Tube Heat Exchanger | C36: Falling Film Evaporator | D36: Single Pass | E36: Jacket Shell | F36: 1A10114212 | G36: Plate | H36: 1B | I36: US | J36: ASTM A240 | K36: Gr 304 | L36: 1500 | M36: mm | N36: Hot Rolled | R36: Mill Finish
A37: PDS - Shell & Tube HE | B37: Shell & Tube Heat Exchanger | C37: Falling Film Evaporator | D37: Single Pass | E37: Cone | F37: 1A10110212 | G37: Plate | H37: 1A | I37: US | J37: ASTM A240 | K37: Gr 304 | L37: 1500 | M37: mm | N37: Hot Rolled | R37: Mill Finish
A38: PDS - Shell & Tube HE | B38: Shell & Tube Heat Exchanger | C38: Falling Film Evaporator | D38: Single Pass | E38: Socket With Plug | F38: 1A11711212 | G38: Socket & Plug | H38: 2C | I38: US | J38: AISI 304 | L38: 1/8 | M38: Inch | N38: NPT | O38: Parallel
A39: PDS - Shell & Tube HE | B39: Shell & Tube Heat Exchanger | C39: Falling Film Evaporator | D39: Single Pass | E39: Skirt Shell | F39: 1A10135312 | G39: Plate | H39: 2A | I39: India | J39: IS 2062 | K39: Gr A | L39: 1500 | M39: mm | N39: Hot Rolled | R39: Mill Finish
A40: PDS - Shell & Tube HE | B40: Shell & Tube Heat Exchanger | C40: Falling Film Evaporator | D40: Single Pass | E40: Skirt Shell | F40: 1A10135312 | G40: Plate | H40: 2A | I40: India | J40: IS 2062 | K40: Gr A | L40: 1500 | M40: mm | N40: Hot Rolled | R40: Mill Finish
A41: PDS - Shell & Tube HE | B41: Shell & Tube Heat Exchanger | C41: Falling Film Evaporator | D41: Single Pass | E41: Base Plate | F41: 1A10112812 | G41: Plate | H41: 1B | I41: India | J41: IS 2062 | K41: Gr A | L41: 1500 | M41: mm | N41: Hot Rolled | R41: Mill Finish
A42: PDS - Shell & Tube HE | B42: Shell & Tube Heat Exchanger | C42: Falling Film Evaporator | D42: Single Pass | E42: Skirt Shell | F42: 1A10135312 | G42: Plate | H42: 2A | I42: US | J42: ASTM A240 | K42: Gr 304 | L42: 1500 | M42: mm | N42: Hot Rolled | R42: Mill Finish
A43: PDS - Shell & Tube HE | B43: Shell & Tube Heat Exchanger | C43: Falling Film Evaporator | D43: Single Pass | E43: Gusset Plate | F43: 1A10112912 | G43: Plate | H43: 2A | I43: India | J43: IS 2062 | K43: Gr A | L43: 1500 | M43: mm | N43: Hot Rolled | R43: Mill Finish
A44: PDS - Shell & Tube HE | B44: Shell & Tube Heat Exchanger | C44: Falling Film Evaporator | D44: Single Pass | E44: External Stiffner | F44: 1A10210312 | G44: Flat - Plate | H44: 1B | I44: US | J44: ASTM A240 | K44: Gr 304 | L44: 50 | M44: mm | N44: Hot Rolled | R44: Mill Finish

Sheet Column Grid Tray
A1: PDS Name | B1: Equipment Category | C1: Equipment Type | D1: Equipment Subtype | E1: Location Name | F1: Indent No | G1: Item Name | H1: Priority | I1: General Standard | J1: MOC Standard | K1: MOC Grade | L1: Item Size | M1: Item Unit | N1: Item Type | O1: Item Subtype | P1: Dimensional Standard | Q1: MOC Schedule/Class | R1: Item Finish
A2: PDS - Distillation Column | B2: Distillation Column | C2: Grid Tray | E2: Tray | F2: 1A10114511 | G2: Plate | H2: 1A | I2: US | J2: ASTM A240 | K2: Gr 304 | L2: 1500 | M2: mm | N2: Hot Rolled | R2: Mill Finish
A3: PDS - Distillation Column | B3: Distillation Column | C3: Grid Tray | E3: Tray | F3: 1A10114511 | G3: Plate | H3: 1A | I3: US | J3: ASTM A240 | K3: Gr 304 | L3: 1500 | M3: mm | N3: Hot Rolled | R3: Mill Finish
A4: PDS - Distillation Column | B4: Distillation Column | C4: Grid Tray | E4: Tray | F4: 1A10114511 | G4: Plate | H4: 1A | I4: US | J4: ASTM A240 | K4: Gr 304 | L4: 1500 | M4: mm | N4: Hot Rolled | R4: Mill Finish
A5: PDS - Distillation Column | B5: Distillation Column | C5: Grid Tray | E5: Tray | F5: 1A10114511 | G5: Plate | H5: 1A | I5: US | J5: ASTM A240 | K5: Gr 304 | L5: 1500 | M5: mm | N5: Hot Rolled | R5: Mill Finish
A6: PDS - Distillation Column | B6: Distillation Column | C6: Grid Tray | E6: Tray | F6: 1A10114511 | G6: Plate | H6: 1A | I6: US | J6: ASTM A240 | K6: Gr 304 | L6: 1500 | M6: mm | N6: Hot Rolled | R6: Mill Finish
A7: PDS - Distillation Column | B7: Distillation Column | C7: Grid Tray | E7: Tray | F7: 1A10114511 | G7: Plate | H7: 1A | I7: US | J7: ASTM A240 | K7: Gr 304 | L7: 1500 | M7: mm | N7: Hot Rolled | R7: Mill Finish
A8: PDS - Distillation Column | B8: Distillation Column | C8: Grid Tray | E8: Tray | F8: 1A10114511 | G8: Plate | H8: 1A | I8: US | J8: ASTM A240 | K8: Gr 304 | L8: 1500 | M8: mm | N8: Hot Rolled | R8: Mill Finish
A9: PDS - Distillation Column | B9: Distillation Column | C9: Grid Tray | E9: Tray | F9: 1A10114511 | G9: Plate | H9: 1A | I9: US | J9: ASTM A240 | K9: Gr 304 | L9: 1500 | M9: mm | N9: Hot Rolled | R9: Mill Finish
A10: PDS - Distillation Column | B10: Distillation Column | C10: Grid Tray | E10: Downcomer | F10: 1A10115611 | G10: Plate | H10: 1A | I10: US | J10: ASTM A240 | K10: Gr 304 | L10: 1500 | M10: mm | N10: Hot Rolled | R10: Mill Finish
A11: PDS - Distillation Column | B11: Distillation Column | C11: Grid Tray | E11: Downcomer | F11: 1A10115611 | G11: Plate | H11: 1A | I11: US | J11: ASTM A240 | K11: Gr 304 | L11: 1500 | M11: mm | N11: Hot Rolled | R11: Mill Finish
A12: PDS - Distillation Column | B12: Distillation Column | C12: Grid Tray | E12: Downcomer Support Angle | F12: 1A10115711 | G12: Plate | H12: 1A | I12: US | J12: ASTM A240 | K12: Gr 304 | L12: 1500 | M12: mm | N12: Hot Rolled | R12: Mill Finish
A13: PDS - Distillation Column | B13: Distillation Column | C13: Grid Tray | E13: Nut Bolt & Washer - Tray | F13: 1A11431511 | G13: Nut, Bolt & Washer | H13: 2B | I13: US | J13: AISI 304 | L13: M10 | M13: mm | N13: Hexagonal Type
A14: PDS - Distillation Column | B14: Distillation Column | C14: Grid Tray | E14: Inlet Weir | F14: 1A10115811 | G14: Plate | H14: 1A | I14: US | J14: ASTM A240 | K14: Gr 304 | L14: 1500 | M14: mm | N14: Hot Rolled | R14: Mill Finish
A15: PDS - Distillation Column | B15: Distillation Column | C15: Grid Tray | E15: Tray Support Channel | F15: 1A10120111 | G15: Plate | H15: 1A | I15: US | J15: ASTM A240 | K15: Gr 304 | L15: 1500 | M15: mm | N15: Hot Rolled | R15: Mill Finish
A16: PDS - Distillation Column | B16: Distillation Column | C16: Grid Tray | E16: Tray Support Channel | F16: 1A10120111 | G16: Plate | H16: 1A | I16: US | J16: ASTM A240 | K16: Gr 304 | L16: 1500 | M16: mm | N16: Hot Rolled | R16: Mill Finish
A17: PDS - Distillation Column | B17: Distillation Column | C17: Grid Tray | E17: Tray Support Channel | F17: 1A10120111 | G17: Plate | H17: 1A | I17: US | J17: ASTM A240 | K17: Gr 304 | L17: 1500 | M17: mm | N17: Hot Rolled | R17: Mill Finish
A18: PDS - Distillation Column | B18: Distillation Column | C18: Grid Tray | E18: Tray Support Channel | F18: 1A10120111 | G18: Plate | H18: 1A | I18: US | J18: ASTM A240 | K18: Gr 304 | L18: 1500 | M18: mm | N18: Hot Rolled | R18: Mill Finish
A19: PDS - Distillation Column | B19: Distillation Column | C19: Grid Tray | E19: Tray Support Channel | F19: 1A10120111 | G19: Plate | H19: 1A | I19: US | J19: ASTM A240 | K19: Gr 304 | L19: 1500 | M19: mm | N19: Hot Rolled | R19: Mill Finish
A20: PDS - Distillation Column | B20: Distillation Column | C20: Grid Tray | E20: Tray Support Channel | F20: 1A10120111 | G20: Plate | H20: 1A | I20: US | J20: ASTM A240 | K20: Gr 304 | L20: 1500 | M20: mm | N20: Hot Rolled | R20: Mill Finish
A21: PDS - Distillation Column | B21: Distillation Column | C21: Grid Tray | E21: Downcomer Support Angle | F21: 1A10115711 | G21: Plate | H21: 1A | I21: US | J21: ASTM A240 | K21: Gr 304 | L21: 1500 | M21: mm | N21: Hot Rolled | R21: Mill Finish
A22: PDS - Distillation Column | B22: Distillation Column | C22: Grid Tray | E22: Tray Support Ring | F22: 1A10214611 | G22: Flat - Plate | H22: 1A | I22: US | J22: ASTM A240 | K22: Gr 304 | L22: 60 | M22: mm | N22: Hot Rolled | R22: Mill Finish
A23: PDS - Distillation Column | B23: Distillation Column | C23: Grid Tray | E23: Junction Plate | F23: 1A10114811 | G23: Plate | H23: 3C | I23: US | J23: ASTM A240 | K23: Gr 304 | L23: 1500 | M23: mm | N23: Hot Rolled | R23: Mill Finish
A24: PDS - Distillation Column | B24: Distillation Column | C24: Grid Tray | E24: Internal Gusset | F24: 1A10122511 | G24: Plate | H24: 1A | I24: US | J24: ASTM A240 | K24: Gr 304 | L24: 1500 | M24: mm | N24: Hot Rolled | R24: Mill Finish
A25: PDS - Distillation Column | B25: Distillation Column | C25: Grid Tray | E25: Tray Stiffener | F25: 1A10115411 | G25: Plate | H25: 1A | I25: US | J25: ASTM A240 | K25: Gr 304 | L25: 1500 | M25: mm | N25: Hot Rolled | R25: Mill Finish
... A38: PDS - Distillation Column | B38: Distillation Column | C38: Grid Tray | E38: Compression Plate | F38: 1A10114911 | G38: Plate | H38: 2A | I38: India | J38: IS 2062 | K38: Gr A | L38: 1500 | M38: mm | N38: Hot Rolled | R38: Mill Finish
A39: PDS - Distillation Column | B39: Distillation Column | C39: Grid Tray | E39: Earthing Boss | F39: 1A12913711 | G39: Earthing Boss | H39: 3C | I39: India | L39: 40 x 40 x M12 | M39: mm
A40: PDS - Distillation Column | B40: Distillation Column | C40: Grid Tray | E40: Backing Strip | F40: 1A10218411 | G40: Plate | H40: 3B | I40: US | J40: ASTM A240 | K40: Gr 304 | L40: 1500 | M40: mm | N40: Hot Rolled | R40: Mill Finish
A41: PDS - Distillation Column | B41: Distillation Column | C41: Grid Tray | E41: Plate For Launder Tray | F41: 1A10118511 | G41: Plate | H41: 3C | I41: US | J41: ASTM A240 | K41: Gr 304 | L41: 1500 | M41: mm | N41: Hot Rolled | R41: Mill Finish
A42: PDS - Distillation Column | B42: Distillation Column | C42: Grid Tray | E42: Trunion Pipe | F42: 1A10313511 | G42: Pipe | H42: 3A | I42: India | J42: IS 1239 | L42: 250 | M42: NB | N42: ERW | P42: IS 1239 | Q42: Class C
A43: PDS - Distillation Column | B43: Distillation Column | C43: Grid Tray | E43: Trunion Closer Plate | F43: 1A10113611 | G43: Plate | H43: 1B | I43: India | J43: IS 2062 | K43: Gr A | L43: 1500 | M43: mm | N43: Hot Rolled | R43: Mill Finish
A44: PDS - Distillation Column | B44: Distillation Column | C44: Grid Tray | E44: Trunion Pad Plate | F44: 1A10119911 | G44: Plate | H44: 1A | I44: India | J44: IS 2062 | K44: Gr A | L44: 1500 | M44: mm | N44: Hot Rolled | R44: Mill Finish
A45: PDS - Distillation Column | B45: Distillation Column | C45: Grid Tray | E45: Trunion Pad Plate | F45: 1A10119911 | G45: Plate | H45: 1A | I45: US | J45: ASTM A240 | K45: Gr 304 | L45: 1500 | M45: mm | N45: Hot Rolled | R45: Mill Finish
A46: PDS - Distillation Column | B46: Distillation Column | C46: Grid Tray | E46: Trunion Pipe | F46: 1A10313511 | G46: Pipe | H46: 3A | I46: India | J46: IS 1239 | L46: 200 | M46: NB | N46: ERW | P46: IS 1239 | Q46: Class C
A47: PDS - Distillation Column | B47: Distillation Column | C47: Grid Tray | E47: Trunion Closer Plate | F47: 1A10113611 | G47: Plate | H47: 1B | I47: India | J47: IS 2062 | K47: Gr A | L47: 1500 | M47: mm | N47: Hot Rolled | R47: Mill Finish
A48: PDS - Distillation Column | B48: Distillation Column | C48: Grid Tray | E48: Trunion Pad Plate | F48: 1A10119911 | G48: Plate | H48: 1A | I48: US | J48: ASTM A240 | K48: Gr 304 | L48: 1500 | M48: mm | N48: Hot Rolled | R48: Mill Finish
A49: PDS - Distillation Column | B49: Distillation Column | C49: Grid Tray | E49: Name Plate Bracket | F49: 1A10113111 | G49: Plate | H49: 2C | I49: US | J49: ASTM A240 | K49: Gr 304 | L49: 1500 | M49: mm | N49: Hot Rolled | R49: Mill Finish
A50: PDS - Distillation Column | B50: Distillation Column | C50: Grid Tray | E50: Cone | F50: 1A10110211 | G50: Plate | H50: 1A | I50: US | J50: ASTM A240 | K50: Gr 304 | L50: 1500 | M50: mm | N50: Hot Rolled | R50: Mill Finish
A51: PDS - Distillation Column | B51: Distillation Column | C51: Grid Tray | E51: Shell Plate | F51: 1A10110411 | G51: Plate | H51: 1A | I51: US | J51: ASTM A240 | K51: Gr 304 | L51: 1500 | M51: mm | N51: Hot Rolled | R51: Mill Finish
A52: PDS - Distillation Column | B52: Distillation Column | C52: Grid Tray | E52: External Stiffner | F52: 1A10210311 | G52: Flat - Plate | H52: 1B | I52: US | J52: ASTM A240 | K52: Gr 304 | L52: 50 | M52: mm | N52: Hot Rolled | R52: Mill Finish
A53: PDS - Distillation Column | B53: Distillation Column | C53: Grid Tray | E53: Vortex Breaker | F53: 1A10114011 | G53: Plate | H53: 3B | I53: US | J53: ASTM A240 | K53: Gr 304 | L53: 1500 | M53: mm | N53: Hot Rolled | R53: Mill Finish
A54: PDS - Distillation Column | B54: Distillation Column | C54: Grid Tray | E54: Tray | F54: 1A10114511 | G54: Plate | H54: 1A | I54: US | J54: ASTM A240 | K54: Gr 304 | L54: 1500 | M54: mm | N54: Hot Rolled | R54: Mill Finish
A55: PDS - Distillation Column | B55: Distillation Column | C55: Grid Tray | E55: Tray | F55: 1A10114511 | G55: Plate | H55: 1A | I55: US | J55: ASTM A240 | K55: Gr 304 | L55: 1500 | M55: mm | N55: Hot Rolled | R55: Mill Finish
A56: PDS - Distillation Column | B56: Distillation Column | C56: Grid Tray | E56: Tray | F56: 1A10114511 | G56: Plate | H56: 1A | I56: US | J56: ASTM A240 | K56: Gr 304 | L56: 1500 | M56: mm | N56: Hot Rolled | R56: Mill Finish
A57: PDS - Distillation Column | B57: Distillation Column | C57: Grid Tray | E57: Tray Support Channel | F57: 1A10120111 | G57: Plate | H57: 1A | I57: US | J57: ASTM A240 | K57: Gr 304 | L57: 1500 | M57: mm | N57: Hot Rolled | R57: Mill Finish
A58: PDS - Distillation Column | B58: Distillation Column | C58: Grid Tray | E58: Tray Support Channel | F58: 1A10120111 | G58: Plate | H58: 1A | I58: US | J58: ASTM A240 | K58: Gr 304 | L58: 1500 | M58: mm | N58: Hot Rolled | R58: Mill Finish
A59: PDS - Distillation Column | B59: Distillation Column | C59: Grid Tray | E59: Downcomer Pipe | F59: 1A10321011 | G59: Pipe | H59: 3C | I59: US | J59: ASTM A312 | K59: TP 304 | L59: 100 | M59: NB | N59: ERW | P59: ASME B36.10M | Q59: Sch 10S
A60: PDS - Distillation Column | B60: Distillation Column | C60: Grid Tray | E60: Tray Support Clits | F60: 1A10114711 | G60: Plate | H60: 1A | I60: US | J60: ASTM A240 | K60: Gr 304 | L60: 1500 | M60: mm | N60: Hot Rolled | R60: Mill Finish
A61: PDS - Distillation Column | B61: Distillation Column | C61: Grid Tray | E61: Vapour Bend | F61: 1A10331711 | G61: Elbow | H61: 2A | I61: US | J61: ASTM A403 | K61: WP 304 | L61: 250 | M61: NB | N61: ERW | O61: Long Radius | P61: ASME B16.9 | Q61: Sch 5S
A62: PDS - Distillation Column | B62: Distillation Column | C62: Grid Tray | E62: Distance Piece For Bend | F62: 1A10320911 | G62: Pipe | H62: 2A | I62: US | J62: ASTM A312 | K62: Gr 304 | L62: 250 | M62: NB | N62: ERW | P62: ASME B36.10M | Q62: Sch 10S
A63: PDS - Distillation Column | B63: Distillation Column | C63: Grid Tray | E63: Tray Support Ring | F63: 1A10214611 | G63: Flat - Plate | H63: 1A | I63: US | J63: ASTM A240 | K63: Gr 304 | L63: 60 | M63: mm | N63: Hot Rolled | R63: Mill Finish
A64: PDS - Distillation Column | B64: Distillation Column | C64: Grid Tray | E64: Vent Hole | F64: 1A10313811 | G64: Pipe | H64: 3B | I64: US | J64: ASTM A312 | K64: TP 304 | L64: 50 | M64: NB | N64: ERW | P64: ASME B36.10M | Q64: Sch 10S
A65: PDS - Distillation Column | B65: Distillation Column | C65: Grid Tray | E65: Access Hole | F65: 1A10121311 | G65: Plate | H65: 2B | I65: India | J65: IS 2062 | K65: Gr A | L65: 1500 | M65: mm | N65: Hot Rolled | R65: Mill Finish
A66: PDS - Distillation Column | B66: Distillation Column | C66: Grid Tray | E66: Packing Pipe | F66: 1A10334411 | G66: Pipe | H66: 2B | I66: US | J66: ASTM A312 | K66: TP 304 | L66: 10 | M66: NB | N66: ERW | P66: ASME B36.10M | Q66: Sch 10S

Sheet Heat Exchanger Data
B2: Sr.No. | C2: Shell I.D. | D2: Shell Bonnet THK | E2: Liner (After m/c) | F2: Dishend Thk | G2: Tube Sheet Finish Thk | H2: Tube Sheet Raw Thk | I2: Body Flange Finish Thk | J2: Body Flange Raw Thk | K2: Pass Partition Plate Thk | L2: Baffle Thk | M2: Bolt Size | N2: Bolt Length | O2: No Of Bolts | P2: Hole Dia. | Q2: Flange I.D. | R2: Bolt P.C.D. | S2: Tube Sheet Finish O.D. | T2: Tube Sheet Raw O.D. | U2: Liner / Gasket O.D. | V2: Tie rod Dia. | W2: Tie rod Qty. | X2: Spacer Tube | Y2: BASE PLATE (W) | Z2: BASE PLATE (L) | AA2: BASE PLATE (THK) | AB2: SADDLE PLATE-FS (W) | AC2: SADDLE PLATE-FS (L) | AD2: SADDLE PLATE-RS (W) | AE2: SADDLE PLATE-RS (L) | AF2: SADDLE PLATE (THK) | AG2: RIB PLATE-FS (W) | AH2: RIB PLATE-FS (L) | AI2: RIB PLATE-RS (W) | AJ2: RIB PLATE-RS (L) | AK2: RIB PLATE (THK) | AL2: RIB QTY
A3: B | B3: 1 | C3: 168 | D3: 3 | E3: 3 | F3: 3 | G3: 19 | H3: =G3+3 -> 22 | I3: 22 | J3: =I3+3 -> 25 | K3: 4 | L3: 3 | M3: M14 | N3: =G3+I3+15+P3+17 -> 89 | O3: 12 | P3: 16 | Q3: 170 | R3: 230 | S3: 275 | T3: =S3+5 -> 280 | U3: 205 | V3: 8 | W3: 4 | X3: 10 | Y3: 150 | Z3: 180
A4: E | B4: 2 | C4: 219 | D4: 3 | E4: 3 | F4: 3 | G4: 19 | H4: =G4+3 -> 22 | I4: 22 | J4: =I4+3 -> 25 | K4: 4 | L4: 3 | M4: M14 | N4: =G4+I4+15+P4+17 -> 89 | O4: 12 | P4: 16 | Q4: 221 | R4: 285 | S4: 325 | T4: =S4+5 -> 330 | U4: 265 | V4: 8 | W4: 4 | X4: 10 | Y4: 150 | Z4: 230 | AA4: 12 | AB4: 190 | AC4: 785 | AD4: =AB4 -> 190 | AE4: =AC4-25 -> 760 | AF4: 8 | AG4: 152 | AH4: 734 | AI4: =AG4 -> 152 | AJ4: =AH4-25 -> 709 | AK4: 8 | AL4: 1
A5: M | B5: 3 | C5: 273 | D5: 3 | E5: 3 | F5: 4 | G5: 19 | H5: =G5+3 -> 22 | I5: 22 | J5: =I5+3 -> 25 | K5: 4 | L5: 3 | M5: M14 | N5: =G5+I5+15+P5+17 -> 89 | O5: 12 | P5: 16 | Q5: 275 | R5: 335 | S5: 375 | T5: =S5+5 -> 380 | U5: 315 | V5: 8 | W5: 4 | X5: 10 | Y5: 150 | Z5: 270 | AA5: 12 | AB5: 235 | AC5: 797 | AD5: =AB5 -> 235 | AE5: =AC5-25 -> 772 | AF5: 8 | AG5: 152 | AH5: 734 | AI5: =AG5 -> 152 | AJ5: =AH5-25 -> 709 | AK5: 8 | AL5: 1
B6: 4 | C6: 290 | D6: 3 | E6: 3 | F6: 4 | G6: 19 | H6: =G6+3 -> 22 | I6: 22 | J6: =I6+3 -> 25 | K6: 4 | L6: 3 | M6: M14 | N6: =G6+I6+15+P6+17 -> 89 | O6: 16 | P6: 16 | Q6: =C6+(2*D6)+2 -> 298 | R6: 360 | S6: 415 | T6: =S6+5 -> 420 | U6: 330 | V6: 8 | W6: 4 | X6: 10 | Y6: 150 | AD6: =AB6 -> 0 | AI6: =AG6 -> 0 | AJ6: =AH6-25 -> -25
B7: 5 | C7: 300 | D7: 3 | E7: 3 | F7: 4 | G7: 19 | H7: =G7+3 -> 22 | I7: 22 | J7: =I7+3 -> 25 | K7: 4 | L7: 3 | M7: M14 | N7: =G7+I7+15+P7+17 -> 89 | O7: 16 | P7: 16 | Q7: =C7+(2*D7)+2 -> 308 | R7: 375 | S7: 425 | T7: =S7+5 -> 430 | U7: 340 | V7: 8 | W7: 4 | X7: 10 | Y7: 150 | Z7: 320 | AD7: =AB7 -> 0 | AI7: =AG7 -> 0 | AJ7: =AH7-25 -> -25
B8: 6 | C8: 310 | D8: 3 | E8: 3 | F8: 4 | G8: 19 | H8: =G8+3 -> 22 | I8: 22 | J8: =I8+3 -> 25 | K8: 4 | L8: 3 | M8: M14 | N8: =G8+I8+15+P8+17 -> 89 | O8: 16 | P8: 16 | Q8: =C8+(2*D8)+2 -> 318 | R8: 380 | S8: 435 | T8: =S8+5 -> 440 | U8: 350 | V8: 8 | W8: 4 | X8: 10 | Y8: 150 | AD8: =AB8 -> 0 | AI8: =AG8 -> 0 | AJ8: =AH8-25 -> -25
B9: 7 | C9: 320 | D9: 3 | E9: 3 | F9: 4 | G9: 19 | H9: =G9+3 -> 22 | I9: 22 | J9: =I9+3 -> 25 | K9: 4 | L9: 3 | M9: M14 | N9: =G9+I9+15+P9+17 -> 89 | O9: 16 | P9: 16 | Q9: =C9+(2*D9)+2 -> 328 | R9: =U9+2*E9+3+P9 -> 385 | S9: 445 | T9: =S9+5 -> 450 | U9: 360 | V9: 8 | W9: 4 | X9: 10 | Y9: 150 | AD9: =AB9 -> 0 | AI9: =AG9 -> 0 | AJ9: =AH9-25 -> -25
B10: 8 | C10: 330 | D10: 3 | E10: 3 | F10: 4 | G10: 19 | H10: =G10+3 -> 22 | I10: 22 | J10: =I10+3 -> 25 | K10: 4 | L10: 3 | M10: M14 | N10: =G10+I10+15+P10+17 -> 89 | O10: 16 | P10: 16 | Q10: =C10+(2*D10)+2 -> 338 | R10: =U10+2*E10+3+P10 -> 395 | S10: 455 | T10: =S10+5 -> 460 | U10: =Q10+32 -> 370 | V10: 8 | W10: 4 | X10: 10 | Y10: 150 | AD10: =AB10 -> 0 | AI10: =AG10 -> 0 | AJ10: =AH10-25 -> -25
B11: 9 | C11: 340 | D11: 3 | E11: 3 | F11: 4 | G11: 19 | H11: =G11+3 -> 22 | I11: 22 | J11: =I11+3 -> 25 | K11: 4 | L11: 3 | M11: M14 | N11: =G11+I11+15+P11+17 -> 89 | O11: 16 | P11: 16 | Q11: =C11+(2*D11)+2 -> 348 | R11: 405 | S11: 465 | T11: =S11+5 -> 470 | U11: 380 | V11: 8 | W11: 4 | X11: 10 | Y11: 150 | AD11: =AB11 -> 0 | AI11: =AG11 -> 0 | AJ11: =AH11-25 -> -25
B12: 10 | C12: 350 | D12: 3 | E12: 3 | F12: 4 | G12: 19 | H12: =G12+3 -> 22 | I12: 22 | J12: =I12+3 -> 25 | K12: 4 | L12: 3 | M12: M14 | N12: =G12+I12+15+P12+17 -> 89 | O12: 16 | P12: 16 | Q12: =C12+(2*D12)+2 -> 358 | R12: 425 | S12: 475 | T12: =S12+5 -> 480 | U12: 390 | V12: 8 | W12: 4 | X12: 10 | Y12: 150 | Z12: 350 | AA12: 12 | AB12: 320 | AC12: 827 | AD12: =AB12 -> 320 | AE12: =AC12-25 -> 802 | AF12: 8 | AG12: 152 | AH12: 733 | AI12: =AG12 -> 152 | AJ12: =AH12-25 -> 708 | AK12: 8 | AL12: 1
B13: 11 | C13: 360 | D13: 3 | E13: 3 | F13: 4 | G13: 19 | H13: =G13+3 -> 22 | I13: 22 | J13: =I13+3 -> 25 | K13: 4 | L13: 3 | M13: M14 | N13: =G13+I13+15+P13+17 -> 89 | O13: 16 | P13: 16 | Q13: =C13+(2*D13)+2 -> 368 | R13: 430 | S13: 485 | T13: =S13+5 -> 490 | U13: 400 | V13: 8 | W13: 4 | X13: 10 | Y13: 150 | Z13: 350 | AA13: 12 | AB13: 320 | AC13: 838 | AD13: =AB13 -> 320 | AE13: =AC13-25 -> 813 | AF13: 8 | AG13: 152 | AH13: 747 | AI13: =AG13 -> 152 | AJ13: =AH13-25 -> 722 | AK13: 8 | AL13: 1
B14: 12 | C14: 370 | D14: 3 | E14: 3 | F14: 4 | G14: 19 | H14: =G14+3 -> 22 | I14: 25 | J14: =I14+3 -> 28 | K14: 4 | L14: 3 | M14: M14 | N14: =G14+I14+15+P14+14 -> 89 | O14: 20 | P14: 16 | Q14: =C14+(2*D14)+2 -> 378 | R14: 445 | S14: 495 | T14: =S14+5 -> 500 | U14: 410 | V14: 8 | W14: 4 | X14: 10 | Y14: 150 | Z14: 350 | AA14: 12 | AB14: 320 | AC14: 838 | AD14: =AB14 -> 320 | AE14: =AC14-25 -> 813 | AF14: 8 | AG14: 152 | AH14: 747 | AI14: =AG14 -> 152 | AJ14: =AH14-25 -> 722 | AK14: 8 | AL14: 1
B15: 13 | C15: 380 | D15: 3 | E15: 3 | F15: 4 | G15: 19 | H15: =G15+3 -> 22 | I15: 25 | J15: =I15+3 -> 28 | K15: 4 | L15: 3 | M15: M14 | N15: =G15+I15+15+P15+14 -> 89 | O15: 20 | P15: 16 | Q15: =C15+(2*D15)+2 -> 388 | R15: 455 | S15: 505 | T15: =S15+5 -> 510 | U15: 420 | V15: 8 | W15: 4 | X15: 10 | Y15: 150 | Z15: 375 | AA15: 12 | AB15: 345 | AC15: 833 | AD15: =AB15 -> 345 | AE15: =AC15-25 -> 808 | AF15: 8 | AG15: 152 | AH15: 734 | AI15: =AG15 -> 152 | AJ15: =AH15-25 -> 709 | AK15: 8 | AL15: 1
B16: 14 | C16: 390 | D16: 3 | E16: 3 | F16: 4 | G16: 19 | H16: =G16+3 -> 22 | I16: 25 | J16: =I16+3 -> 28 | K16: 4 | L16: 3 | M16: M14 | N16: =G16+I16+15+P16+14 -> 89 | O16: 20 | P16: 16 | Q16: =C16+(2*D16)+2 -> 398 | R16: =U16+2*E16+3+P16 -> 455 | S16: 515 | T16: =S16+5 -> 520 | U16: 430 | V16: 8 | W16: 4 | X16: 10 | Y16: 150 | Z16: 375 | AA16: 12 | AB16: 345 | AC16: 833 | AD16: =AB16 -> 345 | AE16: =AC16-25 -> 808 | AF16: 8 | AG16: 152 | AH16: 735 | AI16: =AG16 -> 152 | AJ16: =AH16-25 -> 710 | AK16: 8 | AL16: 1
B17: 15 | C17: 400 | D17: 3 | E17: 3 | F17: 4 | G17: 19 | H17: =G17+3 -> 22 | I17: 25 | J17: =I17+3 -> 28 | K17: 4 | L17: 3 | M17: M16 | N17: =G17+I17+15+P17+17 -> 94 | O17: 16 | P17: 18 | Q17: =C17+(2*D17)+2 -> 408 | R17: 475 | S17: 525 | T17: =S17+5 -> 530 | U17: 440 | V17: 8 | W17: 4 | X17: 10 | Y17: 150 | Z17: 400 | AA17: 12 | AB17: 350 | AC17: 832 | AD17: =AB17 -> 350 | AE17: =AC17-25 -> 807 | AF17: 8 | AG17: 152 | AH17: 735 | AI17: =AG17 -> 152 | AJ17: =AH17-25 -> 710 | AK17: 8 | AL17: 1
B18: 16 | C18: 410 | D18: 3 | E18: 3 | F18: 4 | G18: 19 | H18: =G18+3 -> 22 | I18: 25 | J18: =I18+3 -> 28 | K18: 4 | L18: 3 | M18: M16 | N18: =G18+I18+15+P18+17 -> 94 | O18: 16 | P18: 18 | Q18: =C18+(2*D18)+2 -> 418 | R18: 490 | S18: =R18+45 -> 535 | T18: =S18+5 -> 540 | U18: 450 | V18: 10 | W18: 6 | X18: 10 | Y18: 150 | Z18: 400 | AA18: 12 | AB18: 350 | AC18: 828 | AD18: =AB18 -> 350 | AE18: =AC18-25 -> 803 | AF18: 8 | AG18: 152 | AH18: 735 | AI18: =AG18 -> 152 | AJ18: =AH18-25 -> 710 | AK18: 8 | AL18: 1
B19: 17 | C19: 420 | D19: 3 | E19: 3 | F19: 4 | G19: 19 | H19: =G19+3 -> 22 | I19: 25 | J19: =I19+3 -> 28 | K19: 4 | L19: 3 | M19: M16 | N19: =G19+I19+15+P19+17 -> 94 | O19: 16 | P19: 18 | Q19: =C19+(2*D19)+2 -> 428 | R19: 495 | S19: 545 | T19: =S19+5 -> 550 | U19: 468 | V19: 10 | W19: 6 | X19: 10 | Y19: 150 | Z19: 425 | AA19: 12 | AB19: 375 | AC19: 844 | AD19: =AB19 -> 375 | AE19: =AC19-25 -> 819 | AF19: 8 | AG19: 152 | AH19: 738 | AI19: =AG19 -> 152 | AJ19: =AH19-25 -> 713 | AK19: 8 | AL19: 1
B20: 18 | C20: 430 | D20: 3 | E20: 3 | F20: 4 | G20: 19 | H20: =G20+3 -> 22 | I20: 25 | J20: =I20+3 -> 28 | K20: 4 | L20: 3 | M20: M16 | N20: =G20+I20+15+P20+17 -> 94 | O20: 20 | P20: 18 | Q20: =C20+(2*D20)+2 -> 438 | R20: 510 | S20: =R20+45 -> 555 | T20: =S20+5 -> 560 | U20: 460 | V20: 10 | W20: 6 | X20: 10 | Y20: 150 | Z20: 435 | AA20: 12 | AB20: 380 | AC20: 846 | AD20: =AB20 -> 380 | AE20: =AC20-25 -> 821 | AF20: 8 | AG20: 152 | AH20: 735 | AI20: =AG20 -> 152 | AJ20: =AH20-25 -> 710 | AK20: 8 | AL20: 1
B21: 19 | C21: 440 | D21: 3 | E21: 3 | F21: 4 | G21: 19 | H21: =G21+3 -> 22 | I21: 25 | J21: =I21+3 -> 28 | K21: 4 | L21: 3 | M21: M16 | N21: =G21+I21+15+P21+17 -> 94 | O21: 20 | P21: 18 | Q21: =C21+(2*D21)+2 -> 448 | R21: 515 | S21: 565 | T21: =S21+5 -> 570 | U21: 480 | V21: 10 | W21: 6 | X21: 10 | Y21: 150 | Z21: 450 | AA21: 12 | AB21: 410 | AC21: 862 | AD21: =AB21 -> 410 | AE21: =AC21-25 -> 837 | AF21: 8 | AG21: 152 | AH21: 784 | AI21: =AG21 -> 152 | AJ21: =AH21-25 -> 759 | AK21: 8 | AL21: 2
B22: 20 | C22: 450 | D22: 3 | E22: 3 | F22: 4 | G22: 19 | H22: =G22+3 -> 22 | I22: 25 | J22: =I22+3 -> 28 | K22: 4 | L22: 3 | M22: M16 | N22: =G22+I22+15+P22+17 -> 94 | O22: 20 | P22: 18 | Q22: =C22+(2*D22)+2 -> 458 | R22: 525 | S22: 575 | T22: =S22+5 -> 580 | U22: 490 | V22: 10 | W22: 6 | X22: 10 | Y22: 150 | Z22: 450 | AA22: 12 | AB22: 410 | AC22: 860 | AD22: =AB22 -> 410 | AE22: =AC22-25 -> 835 | AF22: 8 | AG22: 152 | AH22: 785 | AI22: =AG22 -> 152 | AJ22: =AH22-25 -> 760 | AK22: 8 | AL22: 2
B23: 21 | C23: 460 | D23: 3 | E23: 3 | F23: 4 | G23: 19 | H23: =G23+3 -> 22 | I23: 25 | J23: =I23+3 -> 28 | K23: 4 | L23: 3 | M23: M16 | N23: =G23+I23+15+P23+17 -> 94 | O23: 20 | P23: 18 | Q23: =C23+(2*D23)+2 -> 468 | R23: 535 | S23: 585 | T23: =S23+5 -> 590 | U23: 500 | V23: 10 | W23: 6 | X23: 10 | Y23: 150 | Z23: 450 | AA23: 12 | AB23: 410 | AC23: 854 | AD23: =AB23 -> 410 | AE23: =AC23-25 -> 829 | AF23: 8 | AG23: 152 | AH23: 783 | AI23: =AG23 -> 152 | AJ23: =AH23-25 -> 758 | AK23: 8 | AL23: 2
B24: 22 | C24: 470 | D24: 3 | E24: 3 | F24: 4 | G24: 19 | H24: =G24+3 -> 22 | I24: 25 | J24: =I24+3 -> 28 | K24: 4 | L24: 3 | M24: M16 | N24: =G24+I24+15+P24+17 -> 94 | O24: 20 | P24: 18 | Q24: =C24+(2*D24)+2 -> 478 | R24: 550 | S24: =R24+45 -> 595 | T24: =S24+5 -> 600 | U24: 510 | V24: 10 | W24: 6 | X24: 10 | Y24: 150 | Z24: 450 | AA24: 12 | AB24: 410 | AC24: 849 | AD24: =AB24 -> 410 | AE24: =AC24-25 -> 824 | AF24: 8 | AG24: 152 | AH24: 782 | AI24: =AG24 -> 152 | AJ24: =AH24-25 -> 757 | AK24: 8 | AL24: 2
B25: 23 | C25: 480 | D25: 3 | E25: 3 | F25: 4 | G25: 19 | H25: =G25+3 -> 22 | I25: 25 | J25: =I25+3 -> 28 | K25: 4 | L25: 3 | M25: M16 | N25: =G25+I25+15+P25+17 -> 94 | O25: 20 | P25: 18 | Q25: =C25+(2*D25)+2 -> 488 | R25: 560 | S25: 605 | T25: =S25+5 -> 610 | U25: 520 | V25: 10 | W25: 6 | X25: 10 | Y25: 150 | Z25: 500 | AA25: 12 | AB25: 450 | AC25: 878 | AD25: =AB25 -> 450 | AE25: =AC25-25 -> 853 | AF25: 8 | AG25: 152 | AH25: 791 | AI25: =AG25 -> 152 | AJ25: =AH25-25 -> 766 | AK25: 8 | AL25: 2
B26: 24 | C26: 490 | D26: 3 | E26: 3 | F26: 4 | G26: 19 | H26: =G26+3 -> 22 | I26: 25 | J26: =I26+3 -> 28 | K26: 4 | L26: 3 | M26: M16 | N26: =G26+I26+15+P26+17 -> 94 | O26: 20 | P26: 18 | Q26: =C26+(2*D26)+2 -> 498 | R26: 565 | S26: 615 | T26: =S26+5 -> 620 | U26: 530 | V26: 10 | W26: 6 | X26: 10 | Y26: 150 | Z26: 500 | AA26: 12 | AB26: 450 | AC26: 875 | AD26: =AB26 -> 450 | AE26: =AC26-25 -> 850 | AF26: 8 | AG26: 152 | AH26: 780 | AI26: =AG26 -> 152 | AJ26: =AH26-25 -> 755 | AK26: 8 | AL26: 2
B27: 25 | C27: 500 | D27: 3 | E27: 3 | F27: 4 | G27: 19 | H27: =G27+3 -> 22 | I27: 25 | J27: =I27+3 -> 28 | K27: 4 | L27: 3 | M27: M16 | N27: =G27+I27+15+P27+17 -> 94 | O27: 20 | P27: 18 | Q27: =C27+(2*D27)+2 -> 508 | R27: 575 | S27: 625 | T27: =S27+5 -> 630 | U27: 545 | V27: 10 | W27: 6 | X27: 10 | Y27: 150 | Z27: 500 | AA27: 12 | AB27: 450 | AC27: 866 | AD27: =AB27 -> 450 | AE27: =AC27-25 -> 841 | AF27: 8 | AG27: 152 | AH27: 788 | AI27: =AG27 -> 152 | AJ27: =AH27-25 -> 763 | AK27: 8 | AL27: 2
B28: 26 | C28: 510 | D28: 3 | E28: 3 | F28: 4 | G28: 22 | H28: =G28+3 -> 25 | I28: 25 | J28: =I28+3 -> 28 | K28: 4 | L28: 3 | M28: M16 | N28: =G28+I28+15+P28+15 -> 95 | O28: 20 | P28: 18 | Q28: =C28+(2*D28)+2 -> 518 | R28: 585 | S28: 635 | T28: =S28+5 -> 640 | U28: 550 | V28: 10 | W28: 6 | X28: 10 | Y28: 150 | Z28: 500 | AA28: 12 | AB28: 450 | AC28: 864 | AD28: =AB28 -> 450 | AE28: =AC28-25 -> 839 | AF28: 8 | AG28: 152 | AH28: 788 | AI28: =AG28 -> 152 | AJ28: =AH28-25 -> 763 | AK28: 8 | AL28: 2
B29: 27 | C29: 520 | D29: 3 | E29: 3 | F29: 4 | G29: 22 | H29: =G29+3 -> 25 | I29: 25 | J29: =I29+3 -> 28 | K29: 4 | L29: 3 | M29: M16 | N29: =G29+I29+15+P29+15 -> 95 | O29: 20 | P29: 18 | Q29: =C29+(2*D29)+2 -> 528 | R29: 600 | S29: =R29+45 -> 645 | T29: =S29+5 -> 650 | U29: 560 | V29: 10 | W29: 6 | X29: 10 | Y29: 150 | Z29: 500 | AA29: 12 | AB29: 450 | AC29: 856 | AD29: =AB29 -> 450 | AE29: =AC29-25 -> 831 | AF29: 8 | AG29: 152 | AH29: 803 | AI29: =AG29 -> 152 | AJ29: =AH29-25 -> 778 | AK29: 8 | AL29: 2
B30: 28 | C30: 530 | D30: 3 | E30: 3 | F30: 4 | G30: 22 | H30: =G30+3 -> 25 | I30: 25 | J30: =I30+3 -> 28 | K30: 4 | L30: 3 | M30: M16 | N30: =G30+I30+15+P30+15 -> 95 | O30: 20 | P30: 18 | Q30: =C30+(2*D30)+2 -> 538 | R30: 610 | S30: =R30+45 -> 655 | T30: =S30+5 -> 660 | U30: 570 | V30: 10 | W30: 6 | X30: 10 | Y30: 150 | Z30: 500 | AA30: 12 | AB30: 450 | AC30: 855 | AD30: =AB30 -> 450 | AE30: =AC30-25 -> 830 | AF30: 8 | AG30: 152 | AH30: 788 | AI30: =AG30 -> 152 | AJ30: =AH30-25 -> 763 | AK30: 8 | AL30: 2
B31: 29 | C31: 540 | D31: 3 | E31: 3 | F31: 4 | G31: 22 | H31: =G31+3 -> 25 | I31: 25 | J31: =I31+3 -> 28 | K31: 4 | L31: 3 | M31: M16 | N31: =G31+I31+15+P31+15 -> 95 | O31: 20 | P31: 18 | Q31: =C31+(2*D31)+2 -> 548 | R31: 620 | S31: =R31+45 -> 665 | T31: =S31+5 -> 670 | U31: 580 | V31: 10 | W31: 6 | X31: 10 | Y31: 150 | Z31: 500 | AA31: 12 | AB31: 450 | AC31: 851 | AD31: =AB31 -> 450 | AE31: =AC31-25 -> 826 | AF31: 8 | AG31: 152 | AH31: 785 | AI31: =AG31 -> 152 | AJ31: =AH31-25 -> 760 | AK31: 8 | AL31: 2
B32: 30 | C32: 550 | D32: 3 | E32: 3 | F32: 4 | G32: 22 | H32: =G32+3 -> 25 | I32: 25 | J32: =I32+3 -> 28 | K32: 4 | L32: 3 | M32: M16 | N32: =G32+I32+15+P32+15 -> 95 | O32: 24 | P32: 18 | Q32: =C32+(2*D32)+2 -> 558 | R32: 630 | S32: =R32+45 -> 675 | T32: =S32+5 -> 680 | U32: 590 | V32: 10 | W32: 6 | X32: 10 | Y32: 150 | Z32: 550 | AA32: 12 | AB32: 500 | AC32: 888 | AD32: =AB32 -> 500 | AE32: =AC32-25 -> 863 | AF32: 8 | AG32: 152 | AH32: 803 | AI32: =AG32 -> 152 | AJ32: =AH32-25 -> 778 | AK32: 8 | AL32: 2
B33: 31 | C33: 560 | D33: 3 | E33: 3 | F33: 4 | G33: 22 | H33: =G33+3 -> 25 | I33: 25 | J33: =I33+3 -> 28 | K33: 4 | L33: 3 | M33: M16 | N33: =G33+I33+15+P33+15 -> 95 | O33: 24 | P33: 18 | Q33: =C33+(2*D33)+2 -> 568 | R33: 640 | S33: =R33+45 -> 685 | T33: =S33+5 -> 690 | U33: 600 | V33: 10 | W33: 6 | X33: 10 | Y33: 150 | Z33: 550 | AA33: 12 | AB33: 500 | AC33: 882 | AD33: =AB33 -> 500 | AE33: =AC33-25 -> 857 | AF33: 8 | AG33: 152 | AH33: 801 | AI33: =AG33 -> 152 | AJ33: =AH33-25 -> 776 | AK33: 8 | AL33: 2
B34: 32 | C34: 570 | D34: 3 | E34: 3 | F34: 4 | G34: 22 | H34: =G34+3 -> 25 | I34: 25 | J34: =I34+3 -> 28 | K34: 4 | L34: 3 | M34: M16 | N34: =G34+I34+15+P34+15 -> 95 | O34: 24 | P34: 18 | Q34: =C34+(2*D34)+2 -> 578 | R34: 650 | S34: =R34+45 -> 695 | T34: =S34+5 -> 700 | U34: 610 | V34: 10 | W34: 6 | X34: 10 | Y34: 150 | Z34: 550 | AA34: 12 | AB34: 500 | AC34: 877 | AD34: =AB34 -> 500 | AE34: =AC34-25 -> 852 | AF34: 8 | AG34: 152 | AH34: 800 | AI34: =AG34 -> 152 | AJ34: =AH34-25 -> 775 | AK34: 8 | AL34: 2
B35: 33 | C35: 580 | D35: 4 | E35: 3 | F35: 4 | G35: 22 | H35: =G35+3 -> 25 | I35: 25 | J35: =I35+3 -> 28 | K35: 4 | L35: 3 | M35: M16 | N35: =G35+I35+15+P35+15 -> 95 | O35: 24 | P35: 18 | Q35: 590 | R35: 655 | S35: =R35+45 -> 700 | T35: =S35+5 -> 705 | U35: 625 | V35: 10 | W35: 6 | X35: 10 | Y35: 150 | Z35: 550 | AA35: 12 | AB35: 500 | AC35: 872 | AD35: =AB35 -> 500 | AE35: =AC35-25 -> 847 | AF35: 8 | AG35: 152 | AH35: 798 | AI35: =AG35 -> 152 | AJ35: =AH35-25 -> 773 | AK35: 8 | AL35: 2
B36: 34 | C36: 590 | D36: 4 | E36: 3 | F36: 4 | G36: 22 | H36: =G36+3 -> 25 | I36: 28 | J36: =I36+4 -> 32 | K36: 4 | L36: 5 | M36: M16 | N36: =G36+I36+15+P36+17 -> 100 | O36: 24 | P36: 18 | Q36: 600 | R36: 665 | S36: =R36+45 -> 710 | T36: =S36+5 -> 715 | U36: =Q36+32 -> 632 | V36: 10 | W36: 6 | X36: 10 | Y36: 150 | Z36: 550 | AA36: 12 | AB36: 500 | AC36: 868 | AD36: =AB36 -> 500 | AE36: =AC36-25 -> 843 | AF36: 8 | AG36: 152 | AH36: 797 | AI36: =AG36 -> 152 | AJ36: =AH36-25 -> 772 | AK36: 8 | AL36: 2
B37: 35 | C37: 600 | D37: 4 | E37: 3 | F37: 4 | G37: 22 | H37: =G37+3 -> 25 | I37: 28 | J37: =I37+4 -> 32 | K37: 4 | L37: 5 | M37: M16 | N37: =G37+I37+15+P37+17 -> 100 | O37: 24 | P37: 18 | Q37: =C37+(2*D37)+2 -> 610 | R37: 680 | S37: =R37+45 -> 725 | T37: =S37+5 -> 730 | U37: 653 | V37: 10 | W37: 6 | X37: 10 | Y37: 150 | Z37: 590 | AA37: 12 | AB37: 540 | AC37: 885 | AD37: =AB37 -> 540 | AE37: =AC37-25 -> 860 | AF37: 8 | AG37: 152 | AH37: 806 | AI37: =AG37 -> 152 | AJ37: =AH37-25 -> 781 | AK37: 8 | AL37: 2
B38: 36 | C38: 610 | D38: 4 | E38: 3 | F38: 4 | G38: 25 | H38: =G38+3 -> 28 | I38: 32 | J38: =I38+4 -> 36 | K38: 8 | L38: 5 | M38: M16 | N38: =G38+I38+15+P38+15 -> 105 | O38: 24 | P38: 18 | Q38: =C38+(2*D38)+2 -> 620 | R38: 690 | S38: =R38+45 -> 735 | T38: =S38+5 -> 740 | U38: 662 | V38: 10 | W38: 6 | X38: 10 | Y38: 150 | Z38: 590 | AA38: 12 | AB38: 540 | AC38: 890 | AD38: =AB38 -> 540 | AE38: =AC38-25 -> 865 | AF38: 8 | AG38: 152 | AH38: 794 | AI38: =AG38 -> 152 | AJ38: =AH38-25 -> 769 | AK38: 8 | AL38: 2
B39: 37 | C39: 620 | D39: 4 | E39: 3 | F39: 4 | G39: 25 | H39: =G39+3 -> 28 | I39: 32 | J39: =I39+4 -> 36 | K39: 8 | L39: 5 | M39: M16 | N39: =G39+I39+15+P39+15 -> 105 | O39: 24 | P39: 18 | Q39: =C39+(2*D39)+2 -> 630 | R39: 700 | S39: 745 | T39: =S39+5 -> 750 | U39: 672 | V39: 10 | W39: 6 | X39: 10 | Y39: 150 | Z39: 590 | AA39: 12 | AB39: 540 | AC39: 887 | AD39: =AB39 -> 540 | AE39: =AC39-25 -> 862 | AF39: 8 | AG39: 152 | AH39: 805 | AI39: =AG39 -> 152 | AJ39: =AH39-25 -> 780 | AK39: 8 | AL39: 2
B40: 38 | C40: 630 | D40: 4 | E40: 3 | F40: 4 | G40: 25 | H40: =G40+3 -> 28 | I40: 32 | J40: =I40+4 -> 36 | K40: 8 | L40: 5 | M40: M16 | N40: =G40+I40+15+P40+15 -> 105 | O40: 24 | P40: 18 | Q40: =C40+(2*D40)+2 -> 640 | R40: 710 | S40: 755 | T40: =S40+5 -> 760 | U40: 682 | V40: 10 | W40: 6 | X40: 10 | Y40: 150 | Z40: 590 | AA40: 12 | AB40: 540 | AC40: 881 | AD40: =AB40 -> 540 | AE40: =AC40-25 -> 856 | AF40: 8 | AG40: 152 | AH40: 792 | AI40: =AG40 -> 152 | AJ40: =AH40-25 -> 767 | AK40: 8 | AL40: 2
B41: 39 | C41: 640 | D41: 4 | E41: 3 | F41: 4 | G41: 25 | H41: =G41+3 -> 28 | I41: 32 | J41: =I41+4 -> 36 | K41: 8 | L41: 5 | M41: M16 | N41: =G41+I41+15+P41+15 -> 105 | O41: 24 | P41: 18 | Q41: =C41+(2*D41)+2 -> 650 | R41: 720 | S41: =R41+45 -> 765 | T41: =S41+5 -> 770 | U41: 692 | V41: 10 | W41: 6 | X41: 10 | Y41: 150 | Z41: 590 | AA41: 12 | AB41: 540 | AC41: 877 | AD41: =AB41 -> 540 | AE41: =AC41-25 -> 852 | AF41: 8 | AG41: 152 | AH41: 791 | AI41: =AG41 -> 152 | AJ41: =AH41-25 -> 766 | AK41: 8 | AL41: 2
B42: 40 | C42: 650 | D42: 4 | E42: 3 | F42: 4 | G42: 25 | H42: =G42+3 -> 28 | I42: 32 | J42: =I42+4 -> 36 | K42: 8 | L42: 5 | M42: M16 | N42: =G42+I42+15+P42+15 -> 105 | O42: 24 | P42: 18 | Q42: =C42+(2*D42)+2 -> 660 | R42: 730 | S42: =R42+45 -> 775 | T42: =S42+5 -> 780 | U42: 702 | V42: 10 | W42: 6 | X42: 10 | Y42: 150 | Z42: 630 | AA42: 12 | AB42: 580 | AC42: 903 | AD42: =AB42 -> 580 | AE42: =AC42-25 -> 878 | AF42: 8 | AG42: 152 | AH42: 820 | AI42: =AG42 -> 152 | AJ42: =AH42-25 -> 795 | AK42: 8 | AL42: 2
B43: 41 | C43: 660 | D43: 4 | E43: 3 | F43: 4 | G43: 25 | H43: =G43+3 -> 28 | I43: 32 | J43: =I43+4 -> 36 | K43: 8 | L43: 5 | M43: M16 | N43: =G43+I43+15+P43+15 -> 105 | O43: 24 | P43: 18 | Q43: =C43+(2*D43)+2 -> 670 | R43: 740 | S43: =R43+45 -> 785 | T43: =S43+5 -> 790 | U43: 712 | V43: 10 | W43: 6 | X43: 10 | Y43: 150 | Z43: 630 | AA43: 12 | AB43: 580 | AC43: 898 | AD43: =AB43 -> 580 | AE43: =AC43-25 -> 873 | AF43: 8 | AG43: 152 | AH43: 818 | AI43: =AG43 -> 152 | AJ43: =AH43-25 -> 793 | AK43: 8 | AL43: 2
B44: 42 | C44: 670 | D44: 4 | E44: 3 | F44: 4 | G44: 25 | H44: =G44+3 -> 28 | I44: 32 | J44: =I44+4 -> 36 | K44: 8 | L44: 5 | M44: M16 | N44: =G44+I44+15+P44+15 -> 105 | O44: 24 | P44: 18 | Q44: =C44+(2*D44)+2 -> 680 | R44: 750 | S44: =R44+45 -> 795 | T44: =S44+5 -> 800 | U44: 722 | V44: 10 | W44: 6 | X44: 10 | Y44: 150 | Z44: 630 | AA44: 12 | AB44: 580 | AC44: 897 | AD44: =AB44 -> 580 | AE44: =AC44-25 -> 872 | AF44: 8 | AG44: 152 | AH44: 818 | AI44: =AG44 -> 152 | AJ44: =AH44-25 -> 793 | AK44: 8 | AL44: 2
B45: 43 | C45: 680 | D45: 4 | E45: 3 | F45: 4 | G45: 25 | H45: =G45+3 -> 28 | I45: 32 | J45: =I45+4 -> 36 | K45: 8 | L45: 5 | M45: M16 | N45: =G45+I45+15+P45+15 -> 105 | O45: 28 | P45: 18 | Q45: =C45+(2*D45)+2 -> 690 | R45: 760 | S45: =R45+45 -> 805 | T45: =S45+5 -> 810 | U45: 732 | V45: 10 | W45: 6 | X45: 10 | Y45: 150 | Z45: 630 | AA45: 12 | AB45: 580 | AC45: 890 | AD45: =AB45 -> 580 | AE45: =AC45-25 -> 865 | AF45: 8 | AG45: 152 | AH45: 815 | AI45: =AG45 -> 152 | AJ45: =AH45-25 -> 790 | AK45: 8 | AL45: 2
B46: 44 | C46: 690 | D46: 4 | E46: 3 | F46: 4 | G46: 25 | H46: =G46+3 -> 28 | I46: 32 | J46: =I46+4 -> 36 | K46: 8 | L46: 5 | M46: M16 | N46: =G46+I46+15+P46+15 -> 105 | O46: 28 | P46: 18 | Q46: =C46+(2*D46)+2 -> 700 | R46: 770 | S46: =R46+45 -> 815 | T46: =S46+5 -> 820 | U46: 742 | V46: 10 | W46: 6 | X46: 10 | Y46: 150 | Z46: 630 | AA46: 12 | AB46: 580 | AC46: 886 | AD46: =AB46 -> 580 | AE46: =AC46-25 -> 861 | AF46: 8 | AG46: 152 | AH46: 813 | AI46: =AG46 -> 152 | AJ46: =AH46-25 -> 788 | AK46: 8 | AL46: 2
B47: 45 | C47: 700 | D47: 4 | E47: 3 | F47: 4 | G47: 25 | H47: =G47+3 -> 28 | I47: 32 | J47: =I47+4 -> 36 | K47: 8 | L47: 5 | M47: M16 | N47: =G47+I47+15+P47+15 -> 105 | O47: 28 | P47: 18 | Q47: =C47+(2*D47)+2 -> 710 | R47: 780 | S47: =R47+45 -> 825 | T47: =S47+5 -> 830 | U47: 752 | V47: 10 | W47: 6 | X47: 10 | Y47: 150 | Z47: 670 | AA47: 12 | AB47: 630 | AC47: 922 | AD47: =AB47 -> 630 | AE47: =AC47-25 -> 897 | AF47: 8 | AG47: 152 | AH47: 829 | AI47: =AG47 -> 152 | AJ47: =AH47-25 -> 804 | AK47: 8 | AL47: 2
B48: 46 | C48: 710 | D48: 4 | E48: 3 | F48: 4 | G48: 27 | H48: =G48+3 -> 30 | I48: 36 | J48: =I48+4 -> 40 | K48: 8 | L48: 6 | M48: M16 | N48: =G48+I48+15+P48+19 -> 115 | O48: 28 | P48: 18 | Q48: 720 | R48: =U48+2*E48+4+P48 -> 788 | S48: =R48+45 -> 833 | T48: =S48+5 -> 838 | U48: =Q48+40 -> 760 | V48: 12 | W48: 6 | X48: 10 | Y48: 150 | Z48: 670 | AA48: 12 | AB48: 630 | AC48: 913 | AD48: =AB48 -> 630 | AE48: =AC48-25 -> 888 | AF48: 8 | AG48: 152 | AH48: 827 | AI48: =AG48 -> 152 | AJ48: =AH48-25 -> 802 | AK48: 8 | AL48: 2
B49: 47 | C49: 720 | D49: 4 | E49: 3 | F49: 4 | G49: 27 | H49: =G49+3 -> 30 | I49: 36 | J49: =I49+4 -> 40 | K49: 8 | L49: 6 | M49: M16 | N49: =G49+I49+15+P49+19 -> 115 | O49: 28 | P49: 18 | Q49: 730 | R49: =U49+2*E49+4+P49 -> 798 | S49: =R49+45 -> 843 | T49: =S49+5 -> 848 | U49: =Q49+40 -> 770 | V49: 12 | W49: 6 | X49: 10 | Y49: 150 | Z49: 670 | AA49: 12 | AB49: 630 | AC49: 912 | AD49: =AB49 -> 630 | AE49: =AC49-25 -> 887 | AF49: 8 | AG49: 152 | AH49: 826 | AI49: =AG49 -> 152 | AJ49: =AH49-25 -> 801 | AK49: 8 | AL49: 2
B50: 48 | C50: 730 | D50: 5 | E50: 3 | F50: 5 | G50: 27 | H50: =G50+3 -> 30 | I50: 36 | J50: =I50+4 -> 40 | K50: 8 | L50: 6 | M50: M16 | N50: =G50+I50+15+P50+19 -> 115 | O50: 28 | P50: 18 | Q50: =C50+(2*D50)+2 -> 742 | R50: =U50+2*E50+4+P50 -> 810 | S50: =R50+45 -> 855 | T50: =S50+5 -> 860 | U50: =Q50+40 -> 782 | V50: 12 | W50: 6 | X50: 10 | Y50: 150 | Z50: 670 | AA50: 12 | AB50: 630 | AC50: 907 | AD50: =AB50 -> 630 | AE50: =AC50-25 -> 882 | AF50: 8 | AG50: 152 | AH50: 824 | AI50: =AG50 -> 152 | AJ50: =AH50-25 -> 799 | AK50: 8 | AL50: 2
B51: 49 | C51: 740 | D51: 5 | E51: 3 | F51: 5 | G51: 27 | H51: =G51+3 -> 30 | I51: 36 | J51: =I51+4 -> 40 | K51: 8 | L51: 6 | M51: M16 | N51: =G51+I51+15+P51+19 -> 115 | O51: 28 | P51: 18 | Q51: =C51+(2*D51)+2 -> 752 | R51: =U51+2*E51+4+P51 -> 820 | S51: =R51+45 -> 865 | T51: =S51+5 -> 870 | U51: =Q51+40 -> 792 | V51: 12 | W51: 6 | X51: 10 | Y51: 150 | Z51: 670 | AA51: 12 | AB51: 630 | AC51: 903 | AD51: =AB51 -> 630 | AE51: =AC51-25 -> 878 | AF51: 8 | AG51: 152 | AH51: 823 | AI51: =AG51 -> 152 | AJ51: =AH51-25 -> 798 | AK51: 8 | AL51: 2
B52: 50 | C52: 750 | D52: 5 | E52: 3 | F52: 5 | G52: 27 | H52: =G52+3 -> 30 | I52: 36 | J52: =I52+4 -> 40 | K52: 8 | L52: 6 | M52: M16 | N52: =G52+I52+15+P52+19 -> 115 | O52: 28 | P52: 18 | Q52: =C52+(2*D52)+2 -> 762 | R52: =U52+2*E52+4+P52 -> 830 | S52: =R52+45 -> 875 | T52: =S52+5 -> 880 | U52: =Q52+40 -> 802 | V52: 12 | W52: 6 | X52: 10 | Y52: 150 | Z52: 710 | AA52: 12 | AB52: 660 | AC52: 923 | AD52: =AB52 -> 660 | AE52: =AC52-25 -> 898 | AF52: 8 | AG52: 152 | AH52: 830 | AI52: =AG52 -> 152 | AJ52: =AH52-25 -> 805 | AK52: 8 | AL52: 2
B53: 51 | C53: 760 | D53: 5 | E53: 3 | F53: 5 | G53: 27 | H53: =G53+3 -> 30 | I53: 36 | J53: =I53+4 -> 40 | K53: 8 | L53: 6 | M53: M16 | N53: =G53+I53+15+P53+19 -> 115 | O53: 28 | P53: 18 | Q53: =C53+(2*D53)+2 -> 772 | R53: =U53+2*E53+4+P53 -> 840 | S53: =R53+45 -> 885 | T53: =S53+5 -> 890 | U53: =Q53+40 -> 812 | V53: 12 | W53: 6 | X53: 10 | Y53: 150 | Z53: 710 | AA53: 12 | AB53: 660 | AC53: 918 | AD53: =AB53 -> 660 | AE53: =AC53-25 -> 893 | AF53: 8 | AG53: 152 | AH53: 828 | AI53: =AG53 -> 152 | AJ53: =AH53-25 -> 803 | AK53: 8 | AL53: 2
B54: 52 | C54: 770 | D54: 5 | E54: 3 | F54: 5 | G54: 27 | H54: =G54+3 -> 30 | I54: 36 | J54: =I54+4 -> 40 | K54: 8 | L54: 6 | M54: M16 | N54: =G54+I54+15+P54+19 -> 115 | O54: 28 | P54: 18 | Q54: =C54+(2*D54)+2 -> 782 | R54: =U54+2*E54+4+P54 -> 850 | S54: =R54+45 -> 895 | T54: =S54+5 -> 900 | U54: =Q54+40 -> 822 | V54: 12 | W54: 6 | X54: 10 | Y54: 150 | Z54: 710 | AA54: 12 | AB54: 660 | AC54: 910 | AD54: =AB54 -> 660 | AE54: =AC54-25 -> 885 | AF54: 8 | AG54: 152 | AH54: 825 | AI54: =AG54 -> 152 | AJ54: =AH54-25 -> 800 | AK54: 8 | AL54: 2
B55: 53 | C55: 780 | D55: 5 | E55: 3 | F55: 5 | G55: 27 | H55: =G55+3 -> 30 | I55: 36 | J55: =I55+4 -> 40 | K55: 8 | L55: 6 | M55: M16 | N55: =G55+I55+15+P55+19 -> 115 | O55: 28 | P55: 18 | Q55: =C55+(2*D55)+2 -> 792 | R55: =U55+2*E55+4+P55 -> 860 | S55: =R55+45 -> 905 | T55: =S55+5 -> 910 | U55: =Q55+40 -> 832 | V55: 12 | W55: 6 | X55: 10 | Y55: 150 | Z55: 710 | AA55: 12 | AB55: 660 | AC55: 910 | AD55: =AB55 -> 660 | AE55: =AC55-25 -> 885 | AF55: 8 | AG55: 152 | AH55: 825 | AI55: =AG55 -> 152 | AJ55: =AH55-25 -> 800 | AK55: 8 | AL55: 2
B56: 54 | C56: 790 | D56: 5 | E56: 3 | F56: 5 | G56: 27 | H56: =G56+3 -> 30 | I56: 36 | J56: =I56+4 -> 40 | K56: 8 | L56: 6 | M56: M16 | N56: =G56+I56+15+P56+19 -> 115 | O56: 28 | P56: 18 | Q56: =C56+(2*D56)+2 -> 802 | R56: =U56+2*E56+4+P56 -> 870 | S56: =R56+45 -> 915 | T56: =S56+5 -> 920 | U56: =Q56+40 -> 842 | V56: 12 | W56: 6 | X56: 10 | Y56: 150 | Z56: 710 | AA56: 12 | AB56: 660 | AC56: 906 | AD56: =AB56 -> 660 | AE56: =AC56-25 -> 881 | AF56: 8 | AG56: 152 | AH56: 823 | AI56: =AG56 -> 152 | AJ56: =AH56-25 -> 798 | AK56: 8 | AL56: 2
B57: 55 | C57: 800 | D57: 5 | E57: 3 | F57: 5 | G57: 27 | H57: =G57+3 -> 30 | I57: 36 | J57: =I57+4 -> 40 | K57: 8 | L57: 6 | M57: M16 | N57: =G57+I57+15+P57+19 -> 115 | O57: 28 | P57: 18 | Q57: =C57+(2*D57)+2 -> 812 | R57: =U57+2*E57+4+P57 -> 880 | S57: =R57+45 -> 925 | T57: =S57+5 -> 930 | U57: =Q57+40 -> 852 | V57: 12 | W57: 6 | X57: 10 | Y57: 150 | Z57: 750 | AA57: 16 | AB57: 710 | AD57: =AB57 -> 710 | AE57: =AC57-25 -> -25 | AI57: =AG57 -> 0 | AJ57: =AH57-25 -> -25
B58: 56 | C58: 810 | D58: 5 | E58: 3 | F58: 5 | G58: 30 | H58: =G58+4 -> 34 | I58: 40 | J58: =I58+4 -> 44 | K58: 8 | L58: 6 | M58: M20 | N58: =G58+I58+15+P58+18 -> 125 | O58: 24 | P58: 22 | Q58: =C58+(2*D58)+2 -> 822 | R58: =U58+2*E58+5+P58 -> 895 | S58: =R58+50 -> 945 | T58: =S58+5 -> 950 | U58: =Q58+40 -> 862 | V58: 12 | W58: 6 | X58: 10 | AD58: =AB58 -> 0 | AE58: =AC58-25 -> -25 | AI58: =AG58 -> 0 | AJ58: =AH58-25 -> -25
B59: 57 | C59: 820 | D59: 5 | E59: 3 | F59: 5 | G59: 30 | H59: =G59+4 -> 34 | I59: 40 | J59: =I59+4 -> 44 | K59: 8 | L59: 6 | M59: M20 | N59: =G59+I59+15+P59+18 -> 125 | O59: 24 | P59: 22 | Q59: =C59+(2*D59)+2 -> 832 | R59: =U59+2*E59+5+P59 -> 905 | S59: =R59+50 -> 955 | T59: =S59+5 -> 960 | U59: =Q59+40 -> 872 | V59: 12 | W59: 6 | X59: 10 | AD59: =AB59 -> 0 | AE59: =AC59-25 -> -25 | AI59: =AG59 -> 0 | AJ59: =AH59-25 -> -25
B60: 58 | C60: 830 | D60: 5 | E60: 3 | F60: 5 | G60: 30 | H60: =G60+4 -> 34 | I60: 40 | J60: =I60+4 -> 44 | K60: 8 | L60: 6 | M60: M20 | N60: =G60+I60+15+P60+18 -> 125 | O60: 24 | P60: 22 | Q60: =C60+(2*D60)+2 -> 842 | R60: =U60+2*E60+5+P60 -> 915 | S60: =R60+50 -> 965 | T60: =S60+5 -> 970 | U60: =Q60+40 -> 882 | V60: 12 | W60: 6 | X60: 10 | AD60: =AB60 -> 0 | AE60: =AC60-25 -> -25 | AI60: =AG60 -> 0 | AJ60: =AH60-25 -> -25
B61: 59 | C61: 840 | D61: 5 | E61: 3 | F61: 5 | G61: 30 | H61: =G61+4 -> 34 | I61: 40 | J61: =I61+4 -> 44 | K61: 8 | L61: 6 | M61: M20 | N61: =G61+I61+15+P61+18 -> 125 | O61: 28 | P61: 22 | Q61: =C61+(2*D61)+2 -> 852 | R61: =U61+2*E61+5+P61 -> 925 | S61: =R61+50 -> 975 | T61: =S61+5 -> 980 | U61: =Q61+40 -> 892 | V61: 12 | W61: 6 | X61: 10 | Y61: 150 | Z61: 750 | AA61: 16 | AB61: 710 | AC61: 949 | AD61: =AB61 -> 710 | AE61: =AC61-25 -> 924 | AF61: 12 | AG61: 152 | AH61: 853 | AI61: =AG61 -> 152 | AJ61: =AH61-25 -> 828 | AK61: 12 | AL61: 2
B62: 60 | C62: 850 | D62: 5 | E62: 3 | F62: 5 | G62: 30 | H62: =G62+4 -> 34 | I62: 40 | J62: =I62+4 -> 44 | K62: 8 | L62: 6 | M62: M20 | N62: =G62+I62+15+P62+18 -> 125 | O62: 28 | P62: 22 | Q62: =C62+(2*D62)+2 -> 862 | R62: =U62+2*E62+5+P62 -> 935 | S62: =R62+50 -> 985 | T62: =S62+5 -> 990 | U62: =Q62+40 -> 902 | V62: 12 | W62: 8 | X62: 10 | Y62: 150 | Z62: 810 | AA62: 16 | AB62: 750 | AD62: =AB62 -> 750 | AE62: =AC62-25 -> -25 | AF62: 12 | AG62: 152 | AI62: =AG62 -> 152 | AJ62: =AH62-25 -> -25
B63: 61 | C63: 860 | D63: 5 | E63: 3 | F63: 5 | G63: 30 | H63: =G63+4 -> 34 | I63: 40 | J63: =I63+4 -> 44 | K63: 8 | L63: 6 | M63: M20 | N63: =G63+I63+15+P63+18 -> 125 | O63: 28 | P63: 22 | Q63: =C63+(2*D63)+2 -> 872 | R63: =U63+2*E63+5+P63 -> 945 | S63: =R63+50 -> 995 | T63: =S63+5 -> 1000 | U63: =Q63+40 -> 912 | V63: 12 | W63: 8 | X63: 10 | AD63: =AB63 -> 0 | AE63: =AC63-25 -> -25 | AI63: =AG63 -> 0 | AJ63: =AH63-25 -> -25
B64: 62 | C64: 870 | D64: 5 | E64: 3 | F64: 5 | G64: 30 | H64: =G64+4 -> 34 | I64: 40 | J64: =I64+4 -> 44 | K64: 8 | L64: 6 | M64: M20 | N64: =G64+I64+15+P64+18 -> 125 | O64: 28 | P64: 22 | Q64: =C64+(2*D64)+2 -> 882 | R64: =U64+2*E64+5+P64 -> 955 | S64: =R64+50 -> 1005 | T64: =S64+5 -> 1010 | U64: =Q64+40 -> 922 | V64: 12 | W64: 8 | X64: 10 | AD64: =AB64 -> 0 | AE64: =AC64-25 -> -25 | AI64: =AG64 -> 0 | AJ64: =AH64-25 -> -25
B65: 63 | C65: 880 | D65: 5 | E65: 3 | F65: 5 | G65: 30 | H65: =G65+4 -> 34 | I65: 40 | J65: =I65+4 -> 44 | K65: 8 | L65: 6 | M65: M20 | N65: =G65+I65+15+P65+18 -> 125 | O65: 28 | P65: 22 | Q65: =C65+(2*D65)+2 -> 892 | R65: =U65+2*E65+5+P65 -> 965 | S65: =R65+50 -> 1015 | T65: =S65+5 -> 1020 | U65: =Q65+40 -> 932 | V65: 12 | W65: 8 | X65: 10 | AD65: =AB65 -> 0 | AE65: =AC65-25 -> -25 | AI65: =AG65 -> 0 | AJ65: =AH65-25 -> -25
B66: 64 | C66: 890 | D66: 5 | E66: 3 | F66: 5 | G66: 30 | H66: =G66+4 -> 34 | I66: 40 | J66: =I66+4 -> 44 | K66: 8 | L66: 6 | M66: M20 | N66: =G66+I66+15+P66+18 -> 125 | O66: 28 | P66: 22 | Q66: =C66+(2*D66)+2 -> 902 | R66: =U66+2*E66+5+P66 -> 975 | S66: =R66+50 -> 1025 | T66: =S66+5 -> 1030 | U66: =Q66+40 -> 942 | V66: 12 | W66: 8 | X66: 10 | AD66: =AB66 -> 0 | AE66: =AC66-25 -> -25 | AI66: =AG66 -> 0 | AJ66: =AH66-25 -> -25
B67: 65 | C67: 900 | D67: 5 | E67: 3 | F67: 5 | G67: 30 | H67: =G67+4 -> 34 | I67: 40 | J67: =I67+4 -> 44 | K67: 8 | L67: 6 | M67: M20 | N67: =G67+I67+15+P67+18 -> 125 | O67: 28 | P67: 22 | Q67: =C67+(2*D67)+2 -> 912 | R67: 1000 | S67: =R67+50 -> 1050 | T67: =S67+5 -> 1055 | U67: =Q67+52 -> 964 | V67: 12 | W67: 8 | X67: 10 | AD67: =AB67 -> 0 | AE67: =AC67-25 -> -25 | AI67: =AG67 -> 0 | AJ67: =AH67-25 -> -25
B68: 66 | C68: 910 | D68: 5 | E68: 3 | F68: 5 | G68: 32 | H68: =G68+3 -> 35 | I68: 42 | J68: =I68+4 -> 46 | K68: 8 | L68: 6 | M68: M20 | N68: =G68+I68+15+P68+19 -> 130 | O68: 28 | P68: 22 | Q68: =C68+(2*D68)+2 -> 922 | R68: 1010 | S68: =R68+50 -> 1060 | T68: =S68+5 -> 1065 | U68: =Q68+52 -> 974 | V68: 12 | W68: 8 | X68: 10 | AD68: =AB68 -> 0 | AE68: =AC68-25 -> -25 | AI68: =AG68 -> 0 | AJ68: =AH68-25 -> -25
B69: 67 | C69: 920 | D69: 5 | E69: 3 | F69: 5 | G69: 32 | H69: =G69+3 -> 35 | I69: 42 | J69: =I69+4 -> 46 | K69: 8 | L69: 6 | M69: M20 | N69: =G69+I69+15+P69+19 -> 130 | O69: 28 | P69: 22 | Q69: =C69+(2*D69)+2 -> 932 | R69: 1020 | S69: =R69+50 -> 1070 | T69: =S69+5 -> 1075 | U69: =Q69+52 -> 984 | V69: 12 | W69: 8 | X69: 10 | AD69: =AB69 -> 0 | AE69: =AC69-25 -> -25 | AI69: =AG69 -> 0 | AJ69: =AH69-25 -> -25
B70: 68 | C70: 930 | D70: 5 | E70: 3 | F70: 5 | G70: 32 | H70: =G70+3 -> 35 | I70: 42 | J70: =I70+4 -> 46 | K70: 8 | L70: 6 | M70: M20 | N70: =G70+I70+15+P70+19 -> 130 | O70: 28 | P70: 22 | Q70: =C70+(2*D70)+2 -> 942 | R70: 1030 | S70: =R70+50 -> 1080 | T70: =S70+5 -> 1085 | U70: =Q70+52 -> 994 | V70: 12 | W70: 8 | X70: 10 | AD70: =AB70 -> 0 | AE70: =AC70-25 -> -25 | AI70: =AG70 -> 0 | AJ70: =AH70-25 -> -25
B71: 69 | C71: 940 | D71: 5 | E71: 3 | F71: 5 | G71: 32 | H71: =G71+3 -> 35 | I71: 42 | J71: =I71+4 -> 46 | K71: 8 | L71: 6 | M71: M20 | N71: =G71+I71+15+P71+19 -> 130 | O71: 28 | P71: 22 | Q71: =C71+(2*D71)+2 -> 952 | R71: 1040 | S71: =R71+50 -> 1090 | T71: =S71+5 -> 1095 | U71: =Q71+52 -> 1004 | V71: 12 | W71: 8 | X71: 10 | AD71: =AB71 -> 0 | AE71: =AC71-25 -> -25 | AI71: =AG71 -> 0 | AJ71: =AH71-25 -> -25
B72: 70 | C72: 950 | D72: 5 | E72: 3 | F72: 5 | G72: 32 | H72: =G72+3 -> 35 | I72: 42 | J72: =I72+4 -> 46 | K72: 8 | L72: 6 | M72: M20 | N72: =G72+I72+15+P72+19 -> 130 | O72: 28 | P72: 22 | Q72: =C72+(2*D72)+2 -> 962 | R72: 1050 | S72: =R72+50 -> 1100 | T72: =S72+5 -> 1105 | U72: =Q72+52 -> 1014 | V72: 12 | W72: 8 | X72: 10 | AD72: =AB72 -> 0 | AE72: =AC72-25 -> -25 | AI72: =AG72 -> 0 | AJ72: =AH72-25 -> -25
B73: 71 | C73: 960 | D73: 5 | E73: 3 | F73: 5 | G73: 32 | H73: =G73+3 -> 35 | I73: 42 | J73: =I73+4 -> 46 | K73: 8 | L73: 6 | M73: M20 | N73: =G73+I73+15+P73+19 -> 130 | O73: 28 | P73: 22 | Q73: =C73+(2*D73)+2 -> 972 | R73: 1060 | S73: =R73+50 -> 1110 | T73: =S73+5 -> 1115 | U73: =Q73+52 -> 1024 | V73: 12 | W73: 8 | X73: 10 | AD73: =AB73 -> 0 | AE73: =AC73-25 -> -25 | AI73: =AG73 -> 0 | AJ73: =AH73-25 -> -25
B74: 72 | C74: 970 | D74: 5 | E74: 3 | F74: 5 | G74: 32 | H74: =G74+3 -> 35 | I74: 42 | J74: =I74+4 -> 46 | K74: 8 | L74: 8 | M74: M20 | N74: =G74+I74+15+P74+19 -> 130 | O74: 28 | P74: 22 | Q74: =C74+(2*D74)+2 -> 982 | R74: 1070 | S74: =R74+50 -> 1120 | T74: =S74+5 -> 1125 | U74: =Q74+52 -> 1034 | V74: 12 | W74: 8 | X74: 10 | AD74: =AB74 -> 0 | AE74: =AC74-25 -> -25 | AI74: =AG74 -> 0 | AJ74: =AH74-25 -> -25
B75: 73 | C75: 980 | D75: 5 | E75: 3 | F75: 5 | G75: 32 | H75: =G75+3 -> 35 | I75: 42 | J75: =I75+4 -> 46 | K75: 8 | L75: 8 | M75: M20 | N75: =G75+I75+15+P75+19 -> 130 | O75: 28 | P75: 22 | Q75: =C75+(2*D75)+2 -> 992 | R75: 1080 | S75: =R75+50 -> 1130 | T75: =S75+5 -> 1135 | U75: =Q75+52 -> 1044 | V75: 12 | W75: 8 | X75: 10 | AD75: =AB75 -> 0 | AE75: =AC75-25 -> -25 | AI75: =AG75 -> 0 | AJ75: =AH75-25 -> -25
B76: 74 | C76: 990 | D76: 5 | E76: 3 | F76: 5 | G76: 32 | H76: =G76+3 -> 35 | I76: 42 | J76: =I76+4 -> 46 | K76: 8 | L76: 8 | M76: M20 | N76: =G76+I76+15+P76+19 -> 130 | O76: 28 | P76: 22 | Q76: =C76+(2*D76)+2 -> 1002 | R76: 1090 | S76: =R76+50 -> 1140 | T76: =S76+5 -> 1145 | U76: =Q76+52 -> 1054 | V76: 12 | W76: 8 | X76: 10 | AD76: =AB76 -> 0 | AE76: =AC76-25 -> -25 | AI76: =AG76 -> 0 | AJ76: =AH76-25 -> -25
B77: 75 | C77: 1000 | D77: 6 | E77: 4 | F77: 6 | G77: 34 | H77: =G77+4 -> 38 | I77: 45 | J77: =I77+5 -> 50 | K77: 8 | L77: 8 | M77: M20 | N77: =G77+I77+15+P77+19 -> 135 | O77: 32 | P77: 22 | Q77: =C77+(2*D77)+2 -> 1014 | R77: 1100 | S77: =R77+50 -> 1150 | T77: =S77+5 -> 1155 | U77: =Q77+50 -> 1064 | V77: 12 | W77: 8 | X77: 10 | AD77: =AB77 -> 0 | AE77: =AC77-25 -> -25 | AI77: =AG77 -> 0 | AJ77: =AH77-25 -> -25
B78: 76 | C78: 1010 | D78: 6 | E78: 4 | F78: 6 | G78: 34 | H78: =G78+4 -> 38 | I78: 45 | J78: =I78+5 -> 50 | K78: 8 | L78: 8 | M78: M20 | N78: =G78+I78+15+P78+19 -> 135 | O78: 32 | P78: 22 | Q78: =C78+(2*D78)+2 -> 1024 | R78: =U78+2*E78+6+P78 -> 1110 | S78: =R78+50 -> 1160 | T78: =S78+5 -> 1165 | U78: =Q78+50 -> 1074 | V78: 12 | W78: 8 | X78: 10 | AD78: =AB78 -> 0 | AE78: =AC78-25 -> -25 | AI78: =AG78 -> 0 | AJ78: =AH78-25 -> -25
B79: 77 | C79: 1020 | D79: 6 | E79: 4 | F79: 6 | G79: 34 | H79: =G79+4 -> 38 | I79: 45 | J79: =I79+5 -> 50 | K79: 8 | L79: 8 | M79: M20 | N79: =G79+I79+15+P79+19 -> 135 | O79: 32 | P79: 22 | Q79: =C79+(2*D79)+2 -> 1034 | R79: =U79+2*E79+6+P79 -> 1120 | S79: =R79+50 -> 1170 | T79: =S79+5 -> 1175 | U79: =Q79+50 -> 1084 | V79: 12 | W79: 8 | X79: 10 | AD79: =AB79 -> 0 | AE79: =AC79-25 -> -25 | AI79: =AG79 -> 0 | AJ79: =AH79-25 -> -25
B80: 78 | C80: 1030 | D80: 6 | E80: 4 | F80: 6 | G80: 34 | H80: =G80+4 -> 38 | I80: 45 | J80: =I80+5 -> 50 | K80: 8 | L80: 8 | M80: M20 | N80: =G80+I80+15+P80+19 -> 135 | O80: 32 | P80: 22 | Q80: =C80+(2*D80)+2 -> 1044 | R80: =U80+2*E80+6+P80 -> 1130 | S80: =R80+50 -> 1180 | T80: =S80+5 -> 1185 | U80: =Q80+50 -> 1094 | V80: 12 | W80: 8 | X80: 10 | AD80: =AB80 -> 0 | AE80: =AC80-25 -> -25 | AI80: =AG80 -> 0 | AJ80: =AH80-25 -> -25
B81: 79 | C81: 1040 | D81: 6 | E81: 4 | F81: 6 | G81: 34 | H81: =G81+4 -> 38 | I81: 45 | J81: =I81+5 -> 50 | K81: 8 | L81: 8 | M81: M20 | N81: =G81+I81+15+P81+19 -> 135 | O81: 32 | P81: 22 | Q81: =C81+(2*D81)+2 -> 1054 | R81: =U81+2*E81+6+P81 -> 1140 | S81: =R81+50 -> 1190 | T81: =S81+5 -> 1195 | U81: =Q81+50 -> 1104 | V81: 12 | W81: 8 | X81: 10 | AD81: =AB81 -> 0 | AE81: =AC81-25 -> -25 | AI81: =AG81 -> 0 | AJ81: =AH81-25 -> -25
B82: 80 | C82: 1050 | D82: 6 | E82: 4 | F82: 6 | G82: 34 | H82: =G82+4 -> 38 | I82: 45 | J82: =I82+5 -> 50 | K82: 8 | L82: 8 | M82: M20 | N82: =G82+I82+15+P82+19 -> 135 | O82: 32 | P82: 22 | Q82: =C82+(2*D82)+2 -> 1064 | R82: =U82+2*E82+6+P82 -> 1150 | S82: =R82+50 -> 1200 | T82: =S82+5 -> 1205 | U82: =Q82+50 -> 1114 | V82: 12 | W82: 8 | X82: 10 | AD82: =AB82 -> 0 | AE82: =AC82-25 -> -25 | AI82: =AG82 -> 0 | AJ82: =AH82-25 -> -25
B83: 81 | C83: 1060 | D83: 6 | E83: 4 | F83: 6 | G83: 34 | H83: =G83+4 -> 38 | I83: 45 | J83: =I83+5 -> 50 | K83: 8 | L83: 8 | M83: M20 | N83: =G83+I83+15+P83+19 -> 135 | O83: 32 | P83: 22 | Q83: =C83+(2*D83)+2 -> 1074 | R83: =U83+2*E83+6+P83 -> 1160 | S83: =R83+50 -> 1210 | T83: =S83+5 -> 1215 | U83: =Q83+50 -> 1124 | V83: 12 | W83: 8 | X83: 10 | Y83: 150 | Z83: 980 | AA83: 16 | AB83: 920 | AC83: 983 | AD83: =AB83 -> 920 | AE83: =AC83-25 -> 958 | AF83: 12 | AG83: 152 | AH83: 891 | AI83: =AG83 -> 152 | AJ83: =AH83-25 -> 866 | AK83: 12 | AL83: 2
B84: 82 | C84: 1070 | D84: 6 | E84: 4 | F84: 6 | G84: 34 | H84: =G84+4 -> 38 | I84: 45 | J84: =I84+5 -> 50 | K84: 8 | L84: 8 | M84: M20 | N84: =G84+I84+15+P84+19 -> 135 | O84: 32 | P84: 22 | Q84: =C84+(2*D84)+2 -> 1084 | R84: =U84+2*E84+6+P84 -> 1170 | S84: =R84+50 -> 1220 | T84: =S84+5 -> 1225 | U84: =Q84+50 -> 1134 | V84: 12 | W84: 8 | X84: 10
B85: 83 | C85: 1080 | D85: 6 | E85: 4 | F85: 6 | G85: 34 | H85: =G85+4 -> 38 | I85: 45 | J85: =I85+5 -> 50 | K85: 8 | L85: 8 | M85: M20 | N85: =G85+I85+15+P85+19 -> 135 | O85: 32 | P85: 22 | Q85: =C85+(2*D85)+2 -> 1094 | R85: =U85+2*E85+6+P85 -> 1180 | S85: =R85+50 -> 1230 | T85: =S85+5 -> 1235 | U85: =Q85+50 -> 1144 | V85: 12 | W85: 8 | X85: 10
B86: 84 | C86: 1090 | D86: 6 | E86: 4 | F86: 6 | G86: 34 | H86: =G86+4 -> 38 | I86: 45 | J86: =I86+5 -> 50 | K86: 8 | L86: 8 | M86: M20 | N86: =G86+I86+15+P86+19 -> 135 | O86: 32 | P86: 22 | Q86: =C86+(2*D86)+2 -> 1104 | R86: =U86+2*E86+6+P86 -> 1190 | S86: =R86+50 -> 1240 | T86: =S86+5 -> 1245 | U86: =Q86+50 -> 1154 | V86: 12 | W86: 8 | X86: 10
B87: 85 | C87: 1100 | D87: 6 | E87: 4 | F87: 6 | G87: 34 | H87: =G87+4 -> 38 | I87: 45 | J87: =I87+5 -> 50 | K87: 8 | L87: 8 | M87: M20 | N87: =G87+I87+15+P87+19 -> 135 | O87: 32 | P87: 22 | Q87: =C87+(2*D87)+2 -> 1114 | R87: =U87+2*E87+6+P87 -> 1200 | S87: =R87+50 -> 1250 | T87: =S87+5 -> 1255 | U87: =Q87+50 -> 1164 | V87: 12 | W87: 8 | X87: 10
B88: 86 | C88: 1110 | D88: 6 | E88: 4 | F88: 6 | G88: 36 | H88: =G88+4 -> 40 | I88: 50 | J88: =I88+5 -> 55 | K88: 8 | L88: 8 | M88: M20 | N88: =G88+I88+15+P88+17 -> 140 | O88: 32 | P88: 22 | Q88: =C88+(2*D88)+2 -> 1124 | R88: 1210 | S88: =R88+50 -> 1260 | T88: =S88+5 -> 1265 | U88: =Q88+50 -> 1174 | V88: 12 | W88: 8 | X88: 10
B89: 87 | C89: 1120 | D89: 6 | E89: 4 | F89: 6 | G89: 36 | H89: =G89+4 -> 40 | I89: 50 | J89: =I89+5 -> 55 | K89: 8 | L89: 8 | M89: M20 | N89: =G89+I89+15+P89+17 -> 140 | O89: 32 | P89: 22 | Q89: =C89+(2*D89)+2 -> 1134 | R89: 1220 | S89: =R89+50 -> 1270 | T89: =S89+5 -> 1275 | U89: =Q89+50 -> 1184 | V89: 12 | W89: 8 | X89: 10
B90: 88 | C90: 1130 | D90: 6 | E90: 4 | F90: 6 | G90: 36 | H90: =G90+4 -> 40 | I90: 50 | J90: =I90+5 -> 55 | K90: 8 | L90: 8 | M90: M20 | N90: =G90+I90+15+P90+17 -> 140 | O90: 32 | P90: 22 | Q90: =C90+(2*D90)+2 -> 1144 | R90: 1230 | S90: =R90+50 -> 1280 | T90: =S90+5 -> 1285 | U90: =Q90+50 -> 1194 | V90: 12 | W90: 8 | X90: 10
B91: 89 | C91: 1140 | D91: 6 | E91: 4 | F91: 6 | G91: 36 | H91: =G91+4 -> 40 | I91: 50 | J91: =I91+5 -> 55 | K91: 8 | L91: 8 | M91: M20 | N91: =G91+I91+15+P91+17 -> 140 | O91: 32 | P91: 22 | Q91: =C91+(2*D91)+2 -> 1154 | R91: 1240 | S91: =R91+50 -> 1290 | T91: =S91+5 -> 1295 | U91: =Q91+50 -> 1204 | V91: 12 | W91: 8 | X91: 10
B92: 90 | C92: 1150 | D92: 6 | E92: 4 | F92: 6 | G92: 36 | H92: =G92+4 -> 40 | I92: 50 | J92: =I92+5 -> 55 | K92: 8 | L92: 8 | M92: M20 | N92: =G92+I92+15+P92+17 -> 140 | O92: 36 | P92: 22 | Q92: =C92+(2*D92)+2 -> 1164 | R92: 1250 | S92: =R92+50 -> 1300 | T92: =S92+5 -> 1305 | U92: =Q92+50 -> 1214 | V92: 12 | W92: 8 | X92: 10
B93: 91 | C93: 1160 | D93: 6 | E93: 4 | F93: 6 | G93: 36 | H93: =G93+4 -> 40 | I93: 50 | J93: =I93+5 -> 55 | K93: 8 | L93: 8 | M93: M20 | N93: =G93+I93+15+P93+17 -> 140 | O93: 36 | P93: 22 | Q93: =C93+(2*D93)+2 -> 1174 | R93: 1260 | S93: =R93+50 -> 1310 | T93: =S93+5 -> 1315 | U93: =Q93+50 -> 1224 | V93: 12 | W93: 8 | X93: 10
B94: 92 | C94: 1170 | D94: 6 | E94: 4 | F94: 6 | G94: 36 | H94: =G94+4 -> 40 | I94: 50 | J94: =I94+5 -> 55 | K94: 8 | L94: 8 | M94: M20 | N94: =G94+I94+15+P94+17 -> 140 | O94: 36 | P94: 22 | Q94: =C94+(2*D94)+2 -> 1184 | R94: 1270 | S94: =R94+50 -> 1320 | T94: =S94+5 -> 1325 | U94: =Q94+50 -> 1234 | V94: 12 | W94: 8 | X94: 10
B95: 93 | C95: 1180 | D95: 6 | E95: 4 | F95: 6 | G95: 36 | H95: =G95+4 -> 40 | I95: 50 | J95: =I95+5 -> 55 | K95: 8 | L95: 8 | M95: M20 | N95: =G95+I95+15+P95+17 -> 140 | O95: 36 | P95: 22 | Q95: =C95+(2*D95)+2 -> 1194 | R95: 1280 | S95: =R95+50 -> 1330 | T95: =S95+5 -> 1335 | U95: =Q95+50 -> 1244 | V95: 12 | W95: 8 | X95: 10
B96: 94 | C96: 1190 | D96: 6 | E96: 4 | F96: 6 | G96: 36 | H96: =G96+4 -> 40 | I96: 50 | J96: =I96+5 -> 55 | K96: 8 | L96: 8 | M96: M20 | N96: =G96+I96+15+P96+17 -> 140 | O96: 36 | P96: 22 | Q96: =C96+(2*D96)+2 -> 1204 | R96: 1290 | S96: =R96+50 -> 1340 | T96: =S96+5 -> 1345 | U96: =Q96+50 -> 1254 | V96: 12 | W96: 8 | X96: 10
B97: 95 | C97: 1200 | D97: 6 | E97: 4 | F97: 6 | G97: 36 | H97: =G97+4 -> 40 | I97: 50 | J97: =I97+5 -> 55 | K97: 8 | L97: 8 | M97: M20 | N97: =G97+I97+15+P97+17 -> 140 | O97: 36 | P97: 22 | Q97: =C97+(2*D97)+2 -> 1214 | R97: 1300 | S97: =R97+50 -> 1350 | T97: =S97+5 -> 1355 | U97: =Q97+50 -> 1264 | V97: 12 | W97: 8 | X97: 10
B98: 96 | C98: 1210 | D98: 6 | E98: 4 | F98: 6 | G98: 38 | H98: =G98+4 -> 42 | I98: 50 | J98: =I98+5 -> 55 | K98: 8 | L98: 8 | M98: M20 | N98: =G98+I98+15+P98+17 -> 142 | O98: 36 | P98: 22 | Q98: =C98+(2*D98)+2 -> 1224 | R98: 1310 | S98: =R98+50 -> 1360 | T98: =S98+5 -> 1365 | U98: =Q98+50 -> 1274 | V98: 12 | W98: 8 | X98: 10
B99: 97 | C99: 1220 | D99: 6 | E99: 4 | F99: 6 | G99: 38 | H99: =G99+4 -> 42 | I99: 50 | J99: =I99+5 -> 55 | K99: 8 | L99: 8 | M99: M20 | N99: =G99+I99+15+P99+17 -> 142 | O99: 36 | P99: 22 | Q99: =C99+(2*D99)+2 -> 1234 | R99: 1320 | S99: =R99+50 -> 1370 | T99: =S99+5 -> 1375 | U99: =Q99+50 -> 1284 | V99: 12 | W99: 8 | X99: 10
... B106: 104 | C106: 1290 | D106: 6 | E106: 4 | F106: 6 | G106: 38 | H106: =G106+4 -> 42 | I106: 50 | J106: =I106+5 -> 55 | K106: 8 | L106: 8 | M106: M20 | N106: =G106+I106+15+P106+17 -> 142 | O106: 36 | P106: 22 | Q106: =C106+(2*D106)+2 -> 1304 | R106: 1390 | S106: =R106+50 -> 1440 | T106: =S106+5 -> 1445 | U106: =Q106+50 -> 1354 | V106: 14 | W106: 10 | X106: 10
B107: 105 | C107: 1300 | D107: 6 | E107: 4 | F107: 6 | G107: 40 | I107: 54 | K107: 8 | L107: 8 | M107: M20 | N107: =G107+I107+15+P107+17 -> 148 | O107: 40 | P107: 22 | Q107: =C107+(2*D107)+2 -> 1314 | R107: 1400 | S107: =R107+50 -> 1450 | T107: =S107+5 -> 1455 | U107: =Q107+50 -> 1364 | V107: 14 | W107: 10 | X107: 10
...

Sheet Sheet1
D5: tube sheet | F5: ((0.7854*tubesheet od^2*tubesheet thk*8*10^-6)-(0.7854*tube od^2*tubesheet thk*8*10^-6*tube qty))*2
